,row,col,area
0,132,177,1
1,133,174,1
2,133,176,1
3,135,169,1
4,135,190,1
5,136,175,1
6,136,210,1
7,137,192,1
8,137,199,1
9,137,206,1
10,138,185,1
11,139,174,1
12,139,204,1
13,139,205,1
14,140,172,1
15,140,175,1
16,140,202,1
17,140,203,1
18,140,204,1
19,140,205,1
20,141,202,1
21,141,203,1
22,141,204,1
23,141,205,1
24,141,206,1
25,141,257,1
26,142,202,1
27,142,203,1
28,142,204,1
29,142,250,1
30,142,289,1
31,143,168,1
32,143,177,1
33,143,191,1
34,143,203,1
35,143,214,1
36,143,249,1
37,144,194,1
38,144,203,1
39,145,197,1
40,145,198,1
41,145,201,1
42,145,203,1
43,145,209,1
44,145,247,1
45,146,204,1
46,146,247,1
47,146,248,1
48,146,249,1
49,146,250,1
50,146,251,1
51,147,198,1
52,147,224,1
53,147,229,1
54,147,247,1
55,147,248,1
56,147,249,1
57,147,250,1
58,147,251,1
59,147,252,1
60,147,254,1
61,147,261,1
62,148,176,1
63,148,196,1
64,148,205,1
65,148,226,1
66,148,237,1
67,148,246,1
68,148,247,1
69,148,248,1
70,148,249,1
71,148,250,1
72,148,251,1
73,148,252,1
74,148,253,1
75,148,257,1
76,149,171,1
77,149,178,1
78,149,199,1
79,149,234,1
80,149,245,1
81,149,246,1
82,149,247,1
83,149,248,1
84,149,249,1
85,149,250,1
86,149,251,1
87,149,252,1
88,149,253,1
89,149,255,1
90,149,256,1
91,150,204,1
92,150,245,1
93,150,246,1
94,150,247,1
95,150,248,1
96,150,249,1
97,150,250,1
98,150,251,1
99,150,252,1
100,150,253,1
101,150,254,1
102,150,255,1
103,150,256,1
104,150,257,1
105,150,258,1
106,150,266,1
107,150,283,1
108,151,173,1
109,151,224,1
110,151,233,1
111,151,244,1
112,151,246,1
113,151,247,1
114,151,248,1
115,151,249,1
116,151,250,1
117,151,251,1
118,151,252,1
119,151,253,1
120,151,254,1
121,151,255,1
122,151,256,1
123,151,257,1
124,152,190,1
125,152,203,1
126,152,240,1
127,152,245,1
128,152,246,1
129,152,247,1
130,152,248,1
131,152,249,1
132,152,250,1
133,152,251,1
134,152,252,1
135,152,253,1
136,152,254,1
137,152,255,1
138,152,256,1
139,152,280,1
140,153,177,1
141,153,178,1
142,153,246,1
143,153,247,1
144,153,248,1
145,153,250,1
146,153,251,1
147,153,252,1
148,153,253,1
149,153,254,1
150,153,255,1
151,153,258,1
152,153,273,1
153,154,176,1
154,154,177,1
155,154,181,1
156,154,200,1
157,154,203,1
158,154,254,1
159,154,259,1
160,155,176,1
161,155,245,1
162,155,249,1
163,155,250,1
164,155,258,1
165,155,297,1
166,155,298,1
167,155,299,1
168,156,200,1
169,156,247,1
170,156,251,1
171,156,253,1
172,156,258,1
173,156,298,1
174,156,299,1
175,156,300,1
176,157,196,1
177,157,203,1
178,157,250,1
179,157,254,1
180,157,276,1
181,157,299,1
182,157,300,1
183,157,301,1
184,157,302,1
185,158,181,1
186,158,212,1
187,158,236,1
188,158,254,1
189,158,299,1
190,158,300,1
191,159,251,1
192,159,286,1
193,159,302,1
194,159,304,1
195,159,307,1
196,160,214,1
197,160,220,1
198,160,248,1
199,160,253,1
200,160,262,1
201,160,290,1
202,160,302,1
203,160,303,1
204,161,195,1
205,161,250,1
206,161,261,1
207,161,263,1
208,161,268,1
209,161,286,1
210,161,290,1
211,161,304,1
212,161,309,1
213,162,218,1
214,162,240,1
215,162,245,1
216,162,295,1
217,162,303,1
218,162,304,1
219,162,305,1
220,163,187,1
221,163,214,1
222,163,239,1
223,163,247,1
224,163,265,1
225,163,271,1
226,163,306,1
227,164,233,1
228,164,307,1
229,164,310,1
230,165,227,1
231,165,263,1
232,165,281,1
233,165,312,1
234,166,249,1
235,166,258,1
236,166,288,1
237,166,305,1
238,166,308,1
239,167,215,1
240,167,275,1
241,167,302,1
242,167,304,1
243,167,311,1
244,168,215,1
245,168,230,1
246,168,277,1
247,168,304,1
248,169,201,1
249,169,214,1
250,169,226,1
251,169,231,1
252,169,274,1
253,169,279,1
254,169,291,1
255,170,252,1
256,170,257,1
257,170,265,1
258,170,274,1
259,171,252,1
260,171,255,1
261,171,279,1
262,171,290,1
263,171,317,1
264,173,211,1
265,173,219,1
266,173,262,1
267,173,277,1
268,173,295,1
269,174,207,1
270,174,260,1
271,174,262,1
272,174,270,1
273,174,283,1
274,174,308,1
275,175,224,1
276,175,236,1
277,175,246,1
278,175,271,1
279,175,276,1
280,175,286,1
281,175,298,1
282,175,308,1
283,176,237,1
284,176,248,1
285,176,318,1
286,177,182,1
287,177,218,1
288,177,237,1
289,177,267,1
290,177,269,1
291,177,273,1
292,177,288,1
293,178,178,1
294,178,203,1
295,178,217,1
296,178,254,1
297,178,279,1
298,178,283,1
299,178,300,1
300,178,306,1
301,179,186,1
302,179,205,1
303,179,240,1
304,179,247,1
305,179,262,1
306,179,274,1
307,179,298,1
308,180,225,1
309,180,325,1
310,181,231,1
311,181,265,1
312,181,267,1
313,182,207,1
314,182,216,1
315,182,284,1
316,183,221,1
317,183,227,1
318,183,254,1
319,183,261,1
320,184,207,1
321,184,256,1
322,184,261,1
323,184,268,1
324,184,270,1
325,184,296,1
326,184,313,1
327,185,194,1
328,185,221,1
329,185,274,1
330,185,295,1
331,185,302,1
332,185,314,1
333,185,325,1
334,186,239,1
335,186,264,1
336,186,295,1
337,186,304,1
338,187,215,1
339,187,268,1
340,188,210,1
341,188,267,1
342,188,271,1
343,188,279,1
344,189,219,1
345,189,227,1
346,189,230,1
347,189,252,1
348,189,259,1
349,189,262,1
350,189,352,1
351,189,367,1
352,190,275,1
353,191,256,1
354,191,258,1
355,191,266,1
356,191,294,1
357,191,300,1
358,192,232,1
359,192,260,1
360,192,262,1
361,192,265,1
362,192,287,1
363,192,294,1
364,192,295,1
365,193,216,1
366,193,236,1
367,193,248,1
368,193,293,1
369,194,228,1
370,194,256,1
371,195,181,1
372,195,206,1
373,195,223,1
374,195,256,1
375,195,267,1
376,195,274,1
377,195,278,1
378,195,287,1
379,195,343,1
380,196,169,1
381,196,206,1
382,196,221,1
383,196,248,1
384,196,295,1
385,196,314,1
386,196,357,1
387,196,358,1
388,197,253,1
389,197,264,1
390,197,268,1
391,198,168,1
392,198,197,1
393,198,203,1
394,198,218,1
395,198,249,1
396,198,251,1
397,198,258,1
398,198,273,1
399,199,205,1
400,199,210,1
401,199,241,1
402,199,277,1
403,199,287,1
404,199,296,1
405,199,302,1
406,200,182,1
407,200,259,1
408,200,260,1
409,200,263,1
410,200,264,1
411,200,267,1
412,200,348,1
413,201,171,1
414,201,210,1
415,201,217,1
416,201,226,1
417,201,259,1
418,201,264,1
419,201,289,1
420,202,184,1
421,202,194,1
422,202,247,1
423,203,170,1
424,203,230,1
425,203,249,1
426,203,343,1
427,204,225,1
428,204,240,1
429,204,262,1
430,204,268,1
431,204,366,1
432,205,217,1
433,205,223,1
434,205,225,1
435,205,253,1
436,205,263,1
437,205,266,1
438,205,268,1
439,205,290,1
440,205,335,1
441,206,198,1
442,206,201,1
443,206,209,1
444,206,256,1
445,206,268,1
446,206,341,1
447,206,366,1
448,206,367,1
449,207,170,1
450,207,209,1
451,207,253,1
452,207,265,1
453,207,315,1
454,207,336,1
455,208,208,1
456,208,209,1
457,208,210,1
458,208,235,1
459,208,306,1
460,208,337,1
461,208,343,1
462,208,347,1
463,208,364,1
464,208,369,1
465,208,370,1
466,209,169,1
467,209,209,1
468,209,210,1
469,209,211,1
470,209,212,1
471,209,246,1
472,209,268,1
473,209,335,1
474,209,343,1
475,210,169,1
476,210,211,1
477,210,212,1
478,210,223,1
479,210,251,1
480,210,328,1
481,210,336,1
482,210,340,1
483,210,364,1
484,210,370,1
485,211,184,1
486,211,201,1
487,211,264,1
488,211,269,1
489,211,277,1
490,211,279,1
491,212,192,1
492,212,196,1
493,212,198,1
494,212,215,1
495,212,230,1
496,212,232,1
497,212,239,1
498,212,255,1
499,212,277,1
500,212,305,1
501,212,340,1
502,213,187,1
503,213,228,1
504,213,249,1
505,214,204,1
506,214,245,1
507,214,285,1
508,214,300,1
509,214,329,1
510,215,231,1
511,215,238,1
512,215,252,1
513,215,273,1
514,215,291,1
515,215,301,1
516,215,313,1
517,216,186,1
518,216,250,1
519,216,269,1
520,216,313,1
521,216,346,1
522,216,350,1
523,216,371,1
524,217,186,1
525,217,226,1
526,217,242,1
527,217,309,1
528,217,345,1
529,218,206,1
530,218,209,1
531,218,241,1
532,218,253,1
533,218,263,1
534,218,269,1
535,218,295,1
536,218,301,1
537,218,341,1
538,218,353,1
539,219,217,1
540,219,231,1
541,219,262,1
542,219,302,1
543,219,321,1
544,219,339,1
545,219,343,1
546,219,350,1
547,219,356,1
548,219,359,1
549,220,192,1
550,220,207,1
551,220,225,1
552,220,227,1
553,220,242,1
554,220,343,1
555,220,352,1
556,221,192,1
557,221,231,1
558,221,263,1
559,221,314,1
560,221,336,1
561,221,347,1
562,222,203,1
563,222,208,1
564,222,290,1
565,222,368,1
566,222,376,1
567,223,179,1
568,223,230,1
569,223,242,1
570,223,248,1
571,223,317,1
572,223,334,1
573,223,335,1
574,223,350,1
575,223,353,1
576,224,178,1
577,224,197,1
578,224,239,1
579,224,317,1
580,225,208,1
581,225,269,1
582,225,289,1
583,225,338,1
584,226,162,1
585,226,210,1
586,226,212,1
587,226,214,1
588,226,229,1
589,226,240,1
590,226,244,1
591,226,250,1
592,226,286,1
593,226,330,1
594,227,202,1
595,227,216,1
596,227,225,1
597,227,234,1
598,227,255,1
599,227,259,1
600,227,262,1
601,227,321,1
602,228,174,1
603,228,240,1
604,228,244,1
605,228,286,1
606,228,320,1
607,228,336,1
608,229,164,1
609,229,191,1
610,229,194,1
611,229,212,1
612,229,225,1
613,229,236,1
614,229,249,1
615,229,299,1
616,229,306,1
617,229,381,1
618,230,171,1
619,230,187,1
620,230,195,1
621,230,196,1
622,230,220,1
623,230,233,1
624,230,241,1
625,230,251,1
626,230,254,1
627,230,323,1
628,230,324,1
629,230,336,1
630,231,188,1
631,231,240,1
632,231,258,1
633,231,288,1
634,231,291,1
635,231,316,1
636,231,341,1
637,232,153,1
638,232,162,1
639,232,196,1
640,232,237,1
641,232,247,1
642,232,290,1
643,232,291,1
644,232,297,1
645,232,314,1
646,232,320,1
647,232,363,1
648,233,216,1
649,233,242,1
650,233,248,1
651,233,256,1
652,233,264,1
653,233,265,1
654,233,266,1
655,233,282,1
656,233,290,1
657,233,299,1
658,233,335,1
659,233,343,1
660,233,350,1
661,234,190,1
662,234,193,1
663,234,240,1
664,234,241,1
665,234,258,1
666,234,287,1
667,234,295,1
668,234,300,1
669,234,324,1
670,234,349,1
671,234,351,1
672,235,197,1
673,235,211,1
674,235,262,1
675,235,264,1
676,235,269,1
677,235,282,1
678,235,288,1
679,235,291,1
680,235,329,1
681,235,341,1
682,235,356,1
683,236,155,1
684,236,189,1
685,236,237,1
686,236,238,1
687,236,247,1
688,236,268,1
689,236,284,1
690,236,308,1
691,236,339,1
692,236,347,1
693,237,168,1
694,237,182,1
695,237,183,1
696,237,185,1
697,237,281,1
698,237,282,1
699,237,285,1
700,237,311,1
701,237,337,1
702,238,176,1
703,238,178,1
704,238,181,1
705,238,185,1
706,238,212,1
707,238,218,1
708,238,235,1
709,238,264,1
710,238,278,1
711,238,280,1
712,238,281,1
713,238,283,1
714,238,284,1
715,238,285,1
716,238,288,1
717,238,295,1
718,238,309,1
719,238,310,1
720,238,312,1
721,238,321,1
722,238,346,1
723,239,176,1
724,239,180,1
725,239,240,1
726,239,243,1
727,239,255,1
728,239,277,1
729,239,281,1
730,239,282,1
731,239,283,1
732,239,284,1
733,239,285,1
734,239,286,1
735,239,306,1
736,239,308,1
737,239,309,1
738,239,312,1
739,239,330,1
740,239,362,1
741,239,365,1
742,239,376,1
743,240,179,1
744,240,180,1
745,240,181,1
746,240,184,1
747,240,185,1
748,240,186,1
749,240,187,1
750,240,190,1
751,240,219,1
752,240,233,1
753,240,238,1
754,240,249,1
755,240,253,1
756,240,256,1
757,240,259,1
758,240,260,1
759,240,277,1
760,240,278,1
761,240,279,1
762,240,280,1
763,240,281,1
764,240,282,1
765,240,283,1
766,240,284,1
767,240,285,1
768,240,286,1
769,240,292,1
770,240,299,1
771,240,309,1
772,240,315,1
773,240,330,1
774,240,331,1
775,240,333,1
776,240,384,1
777,241,180,1
778,241,181,1
779,241,182,1
780,241,185,1
781,241,186,1
782,241,187,1
783,241,189,1
784,241,190,1
785,241,202,1
786,241,209,1
787,241,236,1
788,241,241,1
789,241,245,1
790,241,271,1
791,241,276,1
792,241,277,1
793,241,278,1
794,241,279,1
795,241,280,1
796,241,281,1
797,241,282,1
798,241,283,1
799,241,284,1
800,241,285,1
801,241,293,1
802,241,310,1
803,241,313,1
804,241,315,1
805,241,321,1
806,241,346,1
807,242,153,1
808,242,181,1
809,242,182,1
810,242,183,1
811,242,184,1
812,242,185,1
813,242,186,1
814,242,187,1
815,242,188,1
816,242,205,1
817,242,237,1
818,242,264,1
819,242,274,1
820,242,275,1
821,242,276,1
822,242,277,1
823,242,278,1
824,242,279,1
825,242,280,1
826,242,281,1
827,242,282,1
828,242,283,1
829,242,284,1
830,242,285,1
831,242,290,1
832,242,292,1
833,242,301,1
834,242,356,1
835,242,360,1
836,243,171,1
837,243,172,1
838,243,178,1
839,243,182,1
840,243,183,1
841,243,184,1
842,243,185,1
843,243,186,1
844,243,193,1
845,243,195,1
846,243,199,1
847,243,213,1
848,243,238,1
849,243,272,1
850,243,273,1
851,243,274,1
852,243,275,1
853,243,276,1
854,243,277,1
855,243,278,1
856,243,279,1
857,243,280,1
858,243,281,1
859,243,282,1
860,243,283,1
861,243,284,1
862,243,285,1
863,243,286,1
864,243,290,1
865,243,308,1
866,243,336,1
867,243,387,1
868,244,183,1
869,244,184,1
870,244,185,1
871,244,186,1
872,244,187,1
873,244,190,1
874,244,202,1
875,244,248,1
876,244,271,1
877,244,274,1
878,244,275,1
879,244,276,1
880,244,277,1
881,244,278,1
882,244,279,1
883,244,280,1
884,244,281,1
885,244,282,1
886,244,283,1
887,244,284,1
888,244,285,1
889,244,286,1
890,244,289,1
891,244,352,1
892,244,393,1
893,245,180,1
894,245,181,1
895,245,182,1
896,245,183,1
897,245,184,1
898,245,185,1
899,245,230,1
900,245,238,1
901,245,244,1
902,245,246,1
903,245,247,1
904,245,268,1
905,245,275,1
906,245,276,1
907,245,277,1
908,245,278,1
909,245,279,1
910,245,280,1
911,245,281,1
912,245,282,1
913,245,283,1
914,245,284,1
915,245,294,1
916,245,310,1
917,245,325,1
918,246,183,1
919,246,184,1
920,246,221,1
921,246,241,1
922,246,266,1
923,246,268,1
924,246,271,1
925,246,278,1
926,246,279,1
927,246,280,1
928,246,281,1
929,246,282,1
930,246,283,1
931,246,284,1
932,246,285,1
933,246,315,1
934,247,170,1
935,247,183,1
936,247,190,1
937,247,192,1
938,247,193,1
939,247,206,1
940,247,210,1
941,247,226,1
942,247,247,1
943,247,265,1
944,247,268,1
945,247,270,1
946,247,271,1
947,247,272,1
948,247,276,1
949,247,279,1
950,247,280,1
951,247,281,1
952,247,282,1
953,247,283,1
954,247,284,1
955,247,287,1
956,247,288,1
957,247,291,1
958,247,299,1
959,247,307,1
960,247,316,1
961,247,327,1
962,247,344,1
963,247,349,1
964,248,173,1
965,248,182,1
966,248,183,1
967,248,206,1
968,248,213,1
969,248,254,1
970,248,261,1
971,248,262,1
972,248,267,1
973,248,268,1
974,248,269,1
975,248,270,1
976,248,271,1
977,248,278,1
978,248,279,1
979,248,280,1
980,248,281,1
981,248,282,1
982,248,283,1
983,248,284,1
984,248,285,1
985,248,287,1
986,248,297,1
987,248,394,1
988,249,96,1
989,249,97,1
990,249,168,1
991,249,172,1
992,249,173,1
993,249,174,1
994,249,176,1
995,249,182,1
996,249,205,1
997,249,208,1
998,249,226,1
999,249,239,1
1000,249,242,1
1001,249,262,1
1002,249,263,1
1003,249,264,1
1004,249,268,1
1005,249,269,1
1006,249,270,1
1007,249,271,1
1008,249,275,1
1009,249,279,1
1010,249,280,1
1011,249,281,1
1012,249,282,1
1013,249,284,1
1014,249,287,1
1015,249,288,1
1016,249,298,1
1017,249,302,1
1018,249,310,1
1019,250,93,1
1020,250,94,1
1021,250,95,1
1022,250,96,1
1023,250,97,1
1024,250,181,1
1025,250,188,1
1026,250,215,1
1027,250,261,1
1028,250,267,1
1029,250,268,1
1030,250,269,1
1031,250,272,1
1032,250,274,1
1033,250,279,1
1034,250,280,1
1035,250,281,1
1036,250,282,1
1037,250,283,1
1038,250,285,1
1039,250,290,1
1040,250,305,1
1041,250,307,1
1042,250,318,1
1043,250,372,1
1044,251,93,1
1045,251,94,1
1046,251,95,1
1047,251,96,1
1048,251,97,1
1049,251,107,1
1050,251,113,1
1051,251,186,1
1052,251,200,1
1053,251,218,1
1054,251,232,1
1055,251,249,1
1056,251,267,1
1057,251,270,1
1058,251,271,1
1059,251,272,1
1060,251,274,1
1061,251,275,1
1062,251,278,1
1063,251,280,1
1064,251,282,1
1065,251,283,1
1066,251,286,1
1067,251,289,1
1068,251,310,1
1069,251,311,1
1070,252,93,1
1071,252,94,1
1072,252,95,1
1073,252,98,1
1074,252,177,1
1075,252,181,1
1076,252,218,1
1077,252,249,1
1078,252,264,1
1079,252,266,1
1080,252,267,1
1081,252,268,1
1082,252,269,1
1083,252,270,1
1084,252,271,1
1085,252,272,1
1086,252,273,1
1087,252,274,1
1088,252,280,1
1089,252,281,1
1090,252,282,1
1091,252,283,1
1092,252,284,1
1093,252,295,1
1094,252,316,1
1095,252,319,1
1096,252,320,1
1097,252,347,1
1098,252,398,1
1099,253,92,1
1100,253,93,1
1101,253,94,1
1102,253,95,1
1103,253,97,1
1104,253,98,1
1105,253,99,1
1106,253,108,1
1107,253,181,1
1108,253,185,1
1109,253,210,1
1110,253,221,1
1111,253,254,1
1112,253,255,1
1113,253,267,1
1114,253,270,1
1115,253,272,1
1116,253,273,1
1117,253,280,1
1118,253,295,1
1119,253,343,1
1120,253,373,1
1121,253,382,1
1122,254,91,1
1123,254,92,1
1124,254,93,1
1125,254,94,1
1126,254,95,1
1127,254,98,1
1128,254,100,1
1129,254,210,1
1130,254,254,1
1131,254,256,1
1132,254,279,1
1133,254,324,1
1134,254,347,1
1135,254,369,1
1136,254,381,1
1137,254,382,1
1138,254,390,1
1139,255,91,1
1140,255,92,1
1141,255,93,1
1142,255,94,1
1143,255,100,1
1144,255,101,1
1145,255,102,1
1146,255,216,1
1147,255,236,1
1148,255,245,1
1149,255,251,1
1150,255,279,1
1151,255,280,1
1152,255,283,1
1153,255,287,1
1154,255,288,1
1155,255,308,1
1156,255,322,1
1157,255,329,1
1158,255,334,1
1159,255,343,1
1160,255,346,1
1161,255,347,1
1162,255,378,1
1163,255,380,1
1164,255,381,1
1165,255,382,1
1166,255,383,1
1167,255,384,1
1168,255,399,1
1169,256,90,1
1170,256,91,1
1171,256,92,1
1172,256,93,1
1173,256,98,1
1174,256,99,1
1175,256,103,1
1176,256,107,1
1177,256,149,1
1178,256,153,1
1179,256,184,1
1180,256,199,1
1181,256,209,1
1182,256,255,1
1183,256,258,1
1184,256,262,1
1185,256,264,1
1186,256,265,1
1187,256,266,1
1188,256,283,1
1189,256,287,1
1190,256,301,1
1191,256,325,1
1192,256,337,1
1193,256,350,1
1194,256,351,1
1195,256,364,1
1196,256,377,1
1197,256,379,1
1198,256,380,1
1199,256,381,1
1200,256,382,1
1201,256,383,1
1202,256,384,1
1203,256,385,1
1204,256,391,1
1205,256,393,1
1206,256,395,1
1207,257,92,1
1208,257,93,1
1209,257,94,1
1210,257,98,1
1211,257,99,1
1212,257,100,1
1213,257,104,1
1214,257,105,1
1215,257,148,1
1216,257,250,1
1217,257,264,1
1218,257,265,1
1219,257,266,1
1220,257,267,1
1221,257,337,1
1222,257,354,1
1223,257,363,1
1224,257,380,1
1225,257,381,1
1226,257,382,1
1227,257,383,1
1228,257,384,1
1229,257,385,1
1230,257,386,1
1231,257,387,1
1232,257,388,1
1233,257,390,1
1234,257,391,1
1235,258,94,1
1236,258,97,1
1237,258,98,1
1238,258,99,1
1239,258,104,1
1240,258,105,1
1241,258,106,1
1242,258,219,1
1243,258,224,1
1244,258,242,1
1245,258,247,1
1246,258,261,1
1247,258,263,1
1248,258,264,1
1249,258,265,1
1250,258,266,1
1251,258,267,1
1252,258,305,1
1253,258,325,1
1254,258,342,1
1255,258,379,1
1256,258,380,1
1257,258,381,1
1258,258,382,1
1259,258,384,1
1260,258,385,1
1261,258,387,1
1262,258,388,1
1263,258,389,1
1264,258,390,1
1265,258,392,1
1266,259,94,1
1267,259,96,1
1268,259,97,1
1269,259,104,1
1270,259,107,1
1271,259,244,1
1272,259,262,1
1273,259,265,1
1274,259,266,1
1275,259,267,1
1276,259,268,1
1277,259,269,1
1278,259,304,1
1279,259,325,1
1280,259,326,1
1281,259,350,1
1282,259,376,1
1283,259,380,1
1284,259,383,1
1285,259,384,1
1286,259,385,1
1287,259,387,1
1288,259,388,1
1289,259,389,1
1290,259,390,1
1291,259,391,1
1292,259,393,1
1293,260,90,1
1294,260,91,1
1295,260,94,1
1296,260,95,1
1297,260,96,1
1298,260,98,1
1299,260,100,1
1300,260,101,1
1301,260,105,1
1302,260,106,1
1303,260,108,1
1304,260,117,1
1305,260,173,1
1306,260,174,1
1307,260,179,1
1308,260,189,1
1309,260,237,1
1310,260,246,1
1311,260,248,1
1312,260,259,1
1313,260,262,1
1314,260,264,1
1315,260,265,1
1316,260,266,1
1317,260,267,1
1318,260,268,1
1319,260,304,1
1320,260,310,1
1321,260,314,1
1322,260,327,1
1323,260,335,1
1324,260,336,1
1325,260,337,1
1326,260,341,1
1327,260,350,1
1328,260,361,1
1329,260,362,1
1330,260,366,1
1331,260,380,1
1332,260,382,1
1333,260,383,1
1334,260,385,1
1335,260,386,1
1336,260,387,1
1337,260,388,1
1338,260,389,1
1339,260,390,1
1340,260,391,1
1341,260,393,1
1342,261,93,1
1343,261,94,1
1344,261,95,1
1345,261,96,1
1346,261,97,1
1347,261,98,1
1348,261,104,1
1349,261,105,1
1350,261,106,1
1351,261,107,1
1352,261,175,1
1353,261,205,1
1354,261,250,1
1355,261,259,1
1356,261,263,1
1357,261,264,1
1358,261,265,1
1359,261,268,1
1360,261,269,1
1361,261,272,1
1362,261,328,1
1363,261,352,1
1364,261,378,1
1365,261,380,1
1366,261,381,1
1367,261,382,1
1368,261,383,1
1369,261,384,1
1370,261,385,1
1371,261,386,1
1372,261,387,1
1373,261,388,1
1374,261,389,1
1375,261,390,1
1376,261,391,1
1377,262,93,1
1378,262,94,1
1379,262,97,1
1380,262,104,1
1381,262,142,1
1382,262,169,1
1383,262,211,1
1384,262,249,1
1385,262,251,1
1386,262,258,1
1387,262,263,1
1388,262,264,1
1389,262,301,1
1390,262,314,1
1391,262,330,1
1392,262,334,1
1393,262,361,1
1394,262,365,1
1395,262,372,1
1396,262,381,1
1397,262,382,1
1398,262,383,1
1399,262,384,1
1400,262,385,1
1401,262,386,1
1402,262,387,1
1403,262,388,1
1404,262,389,1
1405,262,390,1
1406,262,391,1
1407,262,392,1
1408,263,96,1
1409,263,102,1
1410,263,103,1
1411,263,105,1
1412,263,107,1
1413,263,109,1
1414,263,147,1
1415,263,164,1
1416,263,169,1
1417,263,177,1
1418,263,222,1
1419,263,227,1
1420,263,244,1
1421,263,250,1
1422,263,251,1
1423,263,258,1
1424,263,265,1
1425,263,301,1
1426,263,302,1
1427,263,327,1
1428,263,374,1
1429,263,378,1
1430,263,382,1
1431,263,383,1
1432,263,384,1
1433,263,385,1
1434,263,386,1
1435,263,387,1
1436,263,388,1
1437,263,389,1
1438,263,390,1
1439,263,403,1
1440,264,101,1
1441,264,103,1
1442,264,104,1
1443,264,106,1
1444,264,179,1
1445,264,216,1
1446,264,224,1
1447,264,238,1
1448,264,246,1
1449,264,247,1
1450,264,251,1
1451,264,260,1
1452,264,264,1
1453,264,266,1
1454,264,315,1
1455,264,328,1
1456,264,356,1
1457,264,383,1
1458,264,384,1
1459,264,385,1
1460,264,386,1
1461,264,387,1
1462,264,388,1
1463,264,389,1
1464,265,90,1
1465,265,101,1
1466,265,148,1
1467,265,154,1
1468,265,156,1
1469,265,168,1
1470,265,221,1
1471,265,261,1
1472,265,267,1
1473,265,324,1
1474,265,334,1
1475,265,338,1
1476,265,345,1
1477,265,348,1
1478,265,359,1
1479,265,378,1
1480,265,384,1
1481,265,385,1
1482,265,386,1
1483,266,207,1
1484,266,210,1
1485,266,216,1
1486,266,217,1
1487,266,228,1
1488,266,230,1
1489,266,252,1
1490,266,263,1
1491,266,264,1
1492,266,267,1
1493,266,302,1
1494,266,358,1
1495,266,359,1
1496,266,384,1
1497,267,91,1
1498,267,247,1
1499,267,262,1
1500,267,263,1
1501,267,384,1
1502,268,91,1
1503,268,92,1
1504,268,98,1
1505,268,104,1
1506,268,159,1
1507,268,175,1
1508,268,308,1
1509,268,312,1
1510,268,326,1
1511,268,333,1
1512,268,343,1
1513,268,347,1
1514,268,369,1
1515,269,91,1
1516,269,92,1
1517,269,93,1
1518,269,94,1
1519,269,174,1
1520,269,207,1
1521,269,212,1
1522,269,214,1
1523,269,301,1
1524,269,324,1
1525,269,326,1
1526,269,330,1
1527,269,332,1
1528,269,344,1
1529,269,376,1
1530,270,97,1
1531,270,98,1
1532,270,175,1
1533,270,178,1
1534,270,179,1
1535,270,192,1
1536,270,223,1
1537,270,229,1
1538,270,235,1
1539,270,248,1
1540,270,283,1
1541,270,350,1
1542,270,354,1
1543,271,93,1
1544,271,94,1
1545,271,126,1
1546,271,128,1
1547,271,167,1
1548,271,179,1
1549,271,192,1
1550,271,216,1
1551,271,251,1
1552,271,302,1
1553,271,310,1
1554,271,315,1
1555,271,343,1
1556,271,345,1
1557,271,350,1
1558,271,378,1
1559,272,53,1
1560,272,94,1
1561,272,105,1
1562,272,181,1
1563,272,182,1
1564,272,225,1
1565,272,234,1
1566,272,248,1
1567,272,273,1
1568,272,280,1
1569,272,297,1
1570,273,98,1
1571,273,103,1
1572,273,144,1
1573,273,160,1
1574,273,175,1
1575,273,178,1
1576,273,180,1
1577,273,181,1
1578,273,199,1
1579,273,211,1
1580,273,230,1
1581,273,244,1
1582,273,271,1
1583,273,283,1
1584,273,285,1
1585,273,289,1
1586,273,340,1
1587,273,367,1
1588,273,375,1
1589,274,87,1
1590,274,101,1
1591,274,124,1
1592,274,125,1
1593,274,132,1
1594,274,156,1
1595,274,160,1
1596,274,168,1
1597,274,180,1
1598,274,181,1
1599,274,204,1
1600,274,239,1
1601,274,248,1
1602,274,285,1
1603,274,320,1
1604,274,347,1
1605,274,367,1
1606,274,368,1
1607,274,380,1
1608,275,103,1
1609,275,118,1
1610,275,166,1
1611,275,181,1
1612,275,219,1
1613,275,225,1
1614,275,236,1
1615,275,268,1
1616,275,297,1
1617,275,353,1
1618,275,360,1
1619,275,368,1
1620,276,93,1
1621,276,138,1
1622,276,181,1
1623,276,182,1
1624,276,184,1
1625,276,191,1
1626,276,248,1
1627,276,277,1
1628,276,281,1
1629,276,283,1
1630,276,331,1
1631,276,340,1
1632,276,367,1
1633,276,373,1
1634,276,376,1
1635,277,115,1
1636,277,118,1
1637,277,135,1
1638,277,139,1
1639,277,181,1
1640,277,182,1
1641,277,184,1
1642,277,227,1
1643,277,229,1
1644,277,284,1
1645,277,329,1
1646,277,375,1
1647,277,379,1
1648,278,144,1
1649,278,181,1
1650,278,182,1
1651,278,203,1
1652,278,248,1
1653,278,289,1
1654,278,330,1
1655,278,332,1
1656,278,354,1
1657,278,357,1
1658,279,54,1
1659,279,117,1
1660,279,119,1
1661,279,121,1
1662,279,127,1
1663,279,166,1
1664,279,168,1
1665,279,179,1
1666,279,180,1
1667,279,216,1
1668,279,220,1
1669,279,239,1
1670,279,303,1
1671,279,348,1
1672,279,369,1
1673,279,380,1
1674,280,97,1
1675,280,186,1
1676,280,206,1
1677,280,235,1
1678,280,241,1
1679,280,244,1
1680,280,281,1
1681,280,284,1
1682,280,304,1
1683,280,335,1
1684,280,384,1
1685,281,95,1
1686,281,122,1
1687,281,149,1
1688,281,150,1
1689,281,159,1
1690,281,176,1
1691,281,199,1
1692,281,204,1
1693,281,214,1
1694,281,263,1
1695,281,305,1
1696,281,320,1
1697,282,144,1
1698,282,147,1
1699,282,150,1
1700,282,185,1
1701,282,192,1
1702,282,232,1
1703,282,235,1
1704,282,237,1
1705,282,286,1
1706,282,290,1
1707,282,320,1
1708,283,104,1
1709,283,115,1
1710,283,161,1
1711,283,168,1
1712,283,182,1
1713,283,185,1
1714,283,193,1
1715,283,204,1
1716,283,207,1
1717,283,208,1
1718,283,232,1
1719,283,264,1
1720,283,273,1
1721,283,319,1
1722,283,320,1
1723,283,349,1
1724,283,369,1
1725,283,376,1
1726,284,78,1
1727,284,135,1
1728,284,186,1
1729,284,247,1
1730,284,259,1
1731,284,262,1
1732,284,267,1
1733,284,279,1
1734,284,330,1
1735,285,54,1
1736,285,124,1
1737,285,166,1
1738,285,183,1
1739,285,186,1
1740,285,213,1
1741,285,218,1
1742,285,233,1
1743,285,266,1
1744,285,267,1
1745,285,301,1
1746,285,319,1
1747,285,331,1
1748,285,365,1
1749,285,398,1
1750,286,78,1
1751,286,101,1
1752,286,121,1
1753,286,164,1
1754,286,172,1
1755,286,184,1
1756,286,220,1
1757,286,221,1
1758,286,232,1
1759,286,234,1
1760,286,235,1
1761,286,237,1
1762,286,242,1
1763,286,266,1
1764,286,337,1
1765,286,372,1
1766,286,376,1
1767,287,54,1
1768,287,84,1
1769,287,88,1
1770,287,133,1
1771,287,187,1
1772,287,194,1
1773,287,195,1
1774,287,211,1
1775,287,226,1
1776,287,231,1
1777,287,232,1
1778,287,273,1
1779,287,314,1
1780,287,316,1
1781,287,381,1
1782,287,385,1
1783,288,186,1
1784,288,187,1
1785,288,188,1
1786,288,195,1
1787,288,228,1
1788,288,234,1
1789,288,283,1
1790,288,286,1
1791,288,316,1
1792,288,336,1
1793,289,122,1
1794,289,166,1
1795,289,178,1
1796,289,187,1
1797,289,220,1
1798,289,225,1
1799,289,227,1
1800,289,233,1
1801,289,284,1
1802,289,305,1
1803,289,307,1
1804,289,315,1
1805,289,317,1
1806,289,325,1
1807,289,328,1
1808,289,329,1
1809,289,353,1
1810,289,405,1
1811,290,74,1
1812,290,122,1
1813,290,154,1
1814,290,164,1
1815,290,171,1
1816,290,190,1
1817,290,196,1
1818,290,225,1
1819,290,232,1
1820,290,234,1
1821,290,289,1
1822,290,298,1
1823,290,314,1
1824,291,165,1
1825,291,172,1
1826,291,187,1
1827,291,197,1
1828,291,227,1
1829,291,248,1
1830,291,262,1
1831,291,268,1
1832,291,271,1
1833,291,292,1
1834,291,298,1
1835,291,327,1
1836,292,56,1
1837,292,73,1
1838,292,121,1
1839,292,194,1
1840,292,198,1
1841,292,221,1
1842,292,233,1
1843,292,238,1
1844,292,257,1
1845,292,288,1
1846,292,326,1
1847,292,335,1
1848,292,339,1
1849,292,349,1
1850,292,409,1
1851,293,124,1
1852,293,215,1
1853,293,223,1
1854,293,242,1
1855,293,255,1
1856,293,330,1
1857,293,340,1
1858,293,378,1
1859,293,408,1
1860,294,151,1
1861,294,182,1
1862,294,215,1
1863,294,225,1
1864,294,248,1
1865,294,257,1
1866,294,343,1
1867,294,362,1
1868,294,366,1
1869,294,375,1
1870,295,64,1
1871,295,152,1
1872,295,162,1
1873,295,192,1
1874,295,215,1
1875,295,248,1
1876,295,327,1
1877,295,339,1
1878,295,397,1
1879,295,407,1
1880,296,86,1
1881,296,128,1
1882,296,139,1
1883,296,140,1
1884,296,164,1
1885,296,173,1
1886,296,185,1
1887,296,201,1
1888,296,202,1
1889,296,203,1
1890,296,215,1
1891,296,237,1
1892,296,279,1
1893,296,336,1
1894,296,341,1
1895,296,396,1
1896,296,397,1
1897,297,89,1
1898,297,124,1
1899,297,149,1
1900,297,154,1
1901,297,201,1
1902,297,202,1
1903,297,203,1
1904,297,204,1
1905,297,288,1
1906,297,331,1
1907,297,349,1
1908,297,361,1
1909,297,380,1
1910,297,397,1
1911,298,56,1
1912,298,77,1
1913,298,96,1
1914,298,143,1
1915,298,144,1
1916,298,163,1
1917,298,184,1
1918,298,198,1
1919,298,200,1
1920,298,202,1
1921,298,203,1
1922,298,204,1
1923,298,205,1
1924,298,217,1
1925,298,240,1
1926,298,277,1
1927,298,289,1
1928,298,300,1
1929,298,301,1
1930,298,342,1
1931,298,348,1
1932,298,373,1
1933,299,56,1
1934,299,58,1
1935,299,80,1
1936,299,85,1
1937,299,93,1
1938,299,103,1
1939,299,133,1
1940,299,142,1
1941,299,143,1
1942,299,150,1
1943,299,164,1
1944,299,179,1
1945,299,192,1
1946,299,201,1
1947,299,202,1
1948,299,203,1
1949,299,204,1
1950,299,206,1
1951,299,208,1
1952,299,228,1
1953,299,277,1
1954,299,300,1
1955,299,324,1
1956,299,341,1
1957,299,376,1
1958,299,380,1
1959,299,395,1
1960,300,56,1
1961,300,77,1
1962,300,78,1
1963,300,79,1
1964,300,96,1
1965,300,143,1
1966,300,177,1
1967,300,201,1
1968,300,202,1
1969,300,203,1
1970,300,209,1
1971,300,210,1
1972,300,213,1
1973,300,236,1
1974,300,256,1
1975,300,296,1
1976,300,390,1
1977,301,56,1
1978,301,69,1
1979,301,84,1
1980,301,96,1
1981,301,97,1
1982,301,119,1
1983,301,134,1
1984,301,158,1
1985,301,160,1
1986,301,194,1
1987,301,198,1
1988,301,199,1
1989,301,201,1
1990,301,202,1
1991,301,203,1
1992,301,207,1
1993,301,219,1
1994,301,227,1
1995,301,230,1
1996,301,231,1
1997,301,287,1
1998,301,293,1
1999,301,295,1
2000,301,299,1
2001,301,301,1
2002,301,323,1
2003,301,335,1
2004,301,338,1
2005,301,347,1
2006,301,349,1
2007,302,92,1
2008,302,152,1
2009,302,174,1
2010,302,194,1
2011,302,195,1
2012,302,201,1
2013,302,202,1
2014,302,203,1
2015,302,207,1
2016,302,208,1
2017,302,209,1
2018,302,220,1
2019,302,229,1
2020,302,230,1
2021,302,239,1
2022,302,261,1
2023,302,262,1
2024,302,270,1
2025,302,294,1
2026,302,324,1
2027,302,334,1
2028,302,349,1
2029,302,356,1
2030,302,359,1
2031,302,373,1
2032,302,397,1
2033,303,95,1
2034,303,109,1
2035,303,117,1
2036,303,118,1
2037,303,199,1
2038,303,200,1
2039,303,201,1
2040,303,202,1
2041,303,203,1
2042,303,224,1
2043,303,227,1
2044,303,242,1
2045,303,247,1
2046,303,253,1
2047,303,279,1
2048,303,324,1
2049,303,348,1
2050,303,358,1
2051,303,359,1
2052,304,58,1
2053,304,70,1
2054,304,109,1
2055,304,155,1
2056,304,157,1
2057,304,195,1
2058,304,199,1
2059,304,200,1
2060,304,201,1
2061,304,202,1
2062,304,203,1
2063,304,204,1
2064,304,227,1
2065,304,233,1
2066,304,234,1
2067,304,300,1
2068,304,335,1
2069,304,344,1
2070,304,346,1
2071,304,349,1
2072,304,362,1
2073,304,365,1
2074,304,372,1
2075,305,117,1
2076,305,134,1
2077,305,170,1
2078,305,192,1
2079,305,193,1
2080,305,195,1
2081,305,198,1
2082,305,199,1
2083,305,201,1
2084,305,202,1
2085,305,203,1
2086,305,204,1
2087,305,208,1
2088,305,212,1
2089,305,221,1
2090,305,286,1
2091,305,293,1
2092,305,294,1
2093,305,300,1
2094,305,304,1
2095,305,336,1
2096,305,340,1
2097,305,344,1
2098,305,347,1
2099,305,350,1
2100,305,351,1
2101,305,358,1
2102,305,364,1
2103,305,402,1
2104,306,63,1
2105,306,71,1
2106,306,79,1
2107,306,80,1
2108,306,111,1
2109,306,121,1
2110,306,139,1
2111,306,159,1
2112,306,166,1
2113,306,167,1
2114,306,168,1
2115,306,170,1
2116,306,184,1
2117,306,197,1
2118,306,198,1
2119,306,203,1
2120,306,204,1
2121,306,205,1
2122,306,222,1
2123,306,258,1
2124,306,259,1
2125,306,270,1
2126,306,343,1
2127,306,353,1
2128,306,359,1
2129,306,360,1
2130,306,363,1
2131,306,364,1
2132,307,119,1
2133,307,145,1
2134,307,167,1
2135,307,168,1
2136,307,169,1
2137,307,174,1
2138,307,177,1
2139,307,187,1
2140,307,197,1
2141,307,203,1
2142,307,204,1
2143,307,205,1
2144,307,233,1
2145,307,252,1
2146,307,258,1
2147,307,259,1
2148,307,260,1
2149,307,274,1
2150,307,275,1
2151,307,280,1
2152,307,281,1
2153,307,330,1
2154,307,334,1
2155,307,344,1
2156,307,350,1
2157,307,358,1
2158,307,362,1
2159,307,363,1
2160,307,407,1
2161,308,62,1
2162,308,92,1
2163,308,99,1
2164,308,130,1
2165,308,139,1
2166,308,195,1
2167,308,196,1
2168,308,199,1
2169,308,203,1
2170,308,204,1
2171,308,205,1
2172,308,206,1
2173,308,212,1
2174,308,249,1
2175,308,260,1
2176,308,333,1
2177,308,334,1
2178,308,347,1
2179,308,348,1
2180,308,353,1
2181,308,362,1
2182,308,369,1
2183,308,382,1
2184,308,406,1
2185,309,85,1
2186,309,112,1
2187,309,115,1
2188,309,126,1
2189,309,171,1
2190,309,174,1
2191,309,198,1
2192,309,203,1
2193,309,204,1
2194,309,205,1
2195,309,206,1
2196,309,207,1
2197,309,208,1
2198,309,209,1
2199,309,210,1
2200,309,218,1
2201,309,220,1
2202,309,258,1
2203,309,277,1
2204,309,289,1
2205,309,291,1
2206,309,328,1
2207,309,335,1
2208,309,336,1
2209,309,345,1
2210,309,351,1
2211,309,358,1
2212,309,361,1
2213,309,363,1
2214,309,364,1
2215,309,365,1
2216,309,366,1
2217,309,367,1
2218,309,368,1
2219,309,369,1
2220,309,370,1
2221,309,405,1
2222,310,61,1
2223,310,80,1
2224,310,95,1
2225,310,124,1
2226,310,144,1
2227,310,149,1
2228,310,170,1
2229,310,181,1
2230,310,204,1
2231,310,205,1
2232,310,206,1
2233,310,224,1
2234,310,273,1
2235,310,286,1
2236,310,326,1
2237,310,336,1
2238,310,345,1
2239,310,347,1
2240,310,362,1
2241,310,363,1
2242,310,364,1
2243,310,365,1
2244,310,366,1
2245,310,367,1
2246,310,368,1
2247,310,369,1
2248,310,370,1
2249,310,371,1
2250,310,372,1
2251,310,382,1
2252,311,96,1
2253,311,117,1
2254,311,140,1
2255,311,205,1
2256,311,207,1
2257,311,224,1
2258,311,259,1
2259,311,287,1
2260,311,298,1
2261,311,301,1
2262,311,325,1
2263,311,328,1
2264,311,344,1
2265,311,358,1
2266,311,360,1
2267,311,362,1
2268,311,363,1
2269,311,364,1
2270,311,365,1
2271,311,366,1
2272,311,367,1
2273,311,368,1
2274,311,369,1
2275,311,370,1
2276,311,371,1
2277,311,372,1
2278,311,389,1
2279,312,82,1
2280,312,87,1
2281,312,111,1
2282,312,114,1
2283,312,119,1
2284,312,125,1
2285,312,136,1
2286,312,206,1
2287,312,262,1
2288,312,265,1
2289,312,282,1
2290,312,299,1
2291,312,300,1
2292,312,341,1
2293,312,348,1
2294,312,349,1
2295,312,362,1
2296,312,363,1
2297,312,364,1
2298,312,365,1
2299,312,366,1
2300,312,367,1
2301,312,368,1
2302,312,369,1
2303,312,370,1
2304,312,371,1
2305,312,372,1
2306,312,397,1
2307,313,85,1
2308,313,86,1
2309,313,91,1
2310,313,93,1
2311,313,103,1
2312,313,109,1
2313,313,110,1
2314,313,112,1
2315,313,124,1
2316,313,125,1
2317,313,230,1
2318,313,248,1
2319,313,268,1
2320,313,276,1
2321,313,300,1
2322,313,302,1
2323,313,348,1
2324,313,349,1
2325,313,353,1
2326,313,362,1
2327,313,363,1
2328,313,364,1
2329,313,365,1
2330,313,366,1
2331,313,367,1
2332,313,368,1
2333,313,369,1
2334,313,370,1
2335,313,405,1
2336,314,78,1
2337,314,85,1
2338,314,119,1
2339,314,120,1
2340,314,126,1
2341,314,156,1
2342,314,173,1
2343,314,239,1
2344,314,240,1
2345,314,275,1
2346,314,279,1
2347,314,338,1
2348,314,346,1
2349,314,347,1
2350,314,353,1
2351,314,355,1
2352,314,358,1
2353,314,363,1
2354,314,364,1
2355,314,365,1
2356,314,366,1
2357,314,367,1
2358,314,368,1
2359,314,369,1
2360,314,370,1
2361,314,381,1
2362,314,399,1
2363,315,70,1
2364,315,71,1
2365,315,73,1
2366,315,82,1
2367,315,83,1
2368,315,85,1
2369,315,86,1
2370,315,87,1
2371,315,88,1
2372,315,105,1
2373,315,119,1
2374,315,120,1
2375,315,121,1
2376,315,159,1
2377,315,205,1
2378,315,252,1
2379,315,272,1
2380,315,274,1
2381,315,280,1
2382,315,281,1
2383,315,344,1
2384,315,347,1
2385,315,353,1
2386,315,355,1
2387,315,361,1
2388,315,362,1
2389,315,363,1
2390,315,364,1
2391,315,365,1
2392,315,366,1
2393,315,367,1
2394,315,368,1
2395,315,369,1
2396,315,377,1
2397,315,394,1
2398,316,82,1
2399,316,86,1
2400,316,87,1
2401,316,119,1
2402,316,120,1
2403,316,121,1
2404,316,122,1
2405,316,145,1
2406,316,201,1
2407,316,253,1
2408,316,256,1
2409,316,279,1
2410,316,281,1
2411,316,286,1
2412,316,289,1
2413,316,290,1
2414,316,291,1
2415,316,296,1
2416,316,304,1
2417,316,349,1
2418,316,350,1
2419,316,359,1
2420,316,362,1
2421,316,363,1
2422,316,364,1
2423,316,365,1
2424,316,366,1
2425,316,367,1
2426,316,368,1
2427,316,369,1
2428,316,376,1
2429,316,383,1
2430,316,384,1
2431,316,392,1
2432,316,393,1
2433,316,394,1
2434,316,407,1
2435,317,65,1
2436,317,66,1
2437,317,74,1
2438,317,79,1
2439,317,83,1
2440,317,106,1
2441,317,119,1
2442,317,120,1
2443,317,121,1
2444,317,130,1
2445,317,179,1
2446,317,190,1
2447,317,193,1
2448,317,291,1
2449,317,296,1
2450,317,310,1
2451,317,343,1
2452,317,355,1
2453,317,356,1
2454,317,361,1
2455,317,362,1
2456,317,363,1
2457,317,364,1
2458,317,365,1
2459,317,366,1
2460,317,367,1
2461,317,368,1
2462,317,369,1
2463,317,378,1
2464,317,383,1
2465,317,384,1
2466,317,385,1
2467,317,391,1
2468,317,392,1
2469,317,393,1
2470,317,394,1
2471,317,395,1
2472,318,99,1
2473,318,119,1
2474,318,120,1
2475,318,121,1
2476,318,123,1
2477,318,130,1
2478,318,132,1
2479,318,135,1
2480,318,171,1
2481,318,183,1
2482,318,217,1
2483,318,241,1
2484,318,256,1
2485,318,261,1
2486,318,292,1
2487,318,299,1
2488,318,340,1
2489,318,349,1
2490,318,350,1
2491,318,354,1
2492,318,359,1
2493,318,363,1
2494,318,364,1
2495,318,366,1
2496,318,367,1
2497,318,368,1
2498,318,369,1
2499,318,383,1
2500,318,384,1
2501,318,385,1
2502,318,386,1
2503,318,390,1
2504,318,391,1
2505,318,392,1
2506,318,394,1
2507,319,119,1
2508,319,131,1
2509,319,132,1
2510,319,136,1
2511,319,137,1
2512,319,145,1
2513,319,147,1
2514,319,157,1
2515,319,178,1
2516,319,210,1
2517,319,291,1
2518,319,292,1
2519,319,307,1
2520,319,322,1
2521,319,345,1
2522,319,362,1
2523,319,363,1
2524,319,364,1
2525,319,365,1
2526,319,366,1
2527,319,367,1
2528,319,368,1
2529,319,369,1
2530,319,383,1
2531,319,384,1
2532,319,385,1
2533,319,386,1
2534,319,392,1
2535,319,393,1
2536,319,396,1
2537,320,72,1
2538,320,73,1
2539,320,120,1
2540,320,126,1
2541,320,131,1
2542,320,132,1
2543,320,133,1
2544,320,134,1
2545,320,135,1
2546,320,136,1
2547,320,137,1
2548,320,138,1
2549,320,143,1
2550,320,146,1
2551,320,147,1
2552,320,152,1
2553,320,218,1
2554,320,252,1
2555,320,270,1
2556,320,275,1
2557,320,289,1
2558,320,294,1
2559,320,350,1
2560,320,354,1
2561,320,364,1
2562,320,365,1
2563,320,366,1
2564,320,367,1
2565,320,368,1
2566,320,369,1
2567,320,382,1
2568,320,383,1
2569,320,384,1
2570,320,385,1
2571,320,386,1
2572,320,387,1
2573,320,392,1
2574,320,394,1
2575,320,396,1
2576,320,401,1
2577,321,65,1
2578,321,73,1
2579,321,77,1
2580,321,82,1
2581,321,120,1
2582,321,130,1
2583,321,131,1
2584,321,132,1
2585,321,133,1
2586,321,134,1
2587,321,135,1
2588,321,136,1
2589,321,137,1
2590,321,138,1
2591,321,139,1
2592,321,170,1
2593,321,173,1
2594,321,192,1
2595,321,195,1
2596,321,218,1
2597,321,239,1
2598,321,244,1
2599,321,255,1
2600,321,257,1
2601,321,268,1
2602,321,295,1
2603,321,304,1
2604,321,355,1
2605,321,362,1
2606,321,365,1
2607,321,368,1
2608,321,383,1
2609,321,384,1
2610,321,385,1
2611,321,386,1
2612,321,387,1
2613,321,388,1
2614,321,389,1
2615,321,392,1
2616,321,395,1
2617,321,406,1
2618,322,67,1
2619,322,78,1
2620,322,83,1
2621,322,86,1
2622,322,89,1
2623,322,95,1
2624,322,96,1
2625,322,120,1
2626,322,129,1
2627,322,130,1
2628,322,131,1
2629,322,132,1
2630,322,133,1
2631,322,134,1
2632,322,135,1
2633,322,136,1
2634,322,137,1
2635,322,138,1
2636,322,139,1
2637,322,140,1
2638,322,285,1
2639,322,287,1
2640,322,296,1
2641,322,304,1
2642,322,364,1
2643,322,381,1
2644,322,382,1
2645,322,383,1
2646,322,384,1
2647,322,385,1
2648,322,386,1
2649,322,387,1
2650,322,389,1
2651,322,390,1
2652,322,392,1
2653,322,393,1
2654,322,394,1
2655,323,81,1
2656,323,86,1
2657,323,87,1
2658,323,89,1
2659,323,95,1
2660,323,96,1
2661,323,97,1
2662,323,108,1
2663,323,130,1
2664,323,131,1
2665,323,132,1
2666,323,133,1
2667,323,134,1
2668,323,135,1
2669,323,136,1
2670,323,137,1
2671,323,138,1
2672,323,139,1
2673,323,140,1
2674,323,150,1
2675,323,249,1
2676,323,255,1
2677,323,288,1
2678,323,294,1
2679,323,295,1
2680,323,337,1
2681,323,383,1
2682,323,384,1
2683,323,385,1
2684,323,386,1
2685,323,387,1
2686,323,388,1
2687,323,389,1
2688,323,390,1
2689,324,69,1
2690,324,74,1
2691,324,82,1
2692,324,87,1
2693,324,115,1
2694,324,116,1
2695,324,121,1
2696,324,130,1
2697,324,131,1
2698,324,132,1
2699,324,133,1
2700,324,134,1
2701,324,135,1
2702,324,136,1
2703,324,137,1
2704,324,138,1
2705,324,139,1
2706,324,140,1
2707,324,141,1
2708,324,142,1
2709,324,253,1
2710,324,289,1
2711,324,290,1
2712,324,293,1
2713,324,384,1
2714,324,385,1
2715,324,386,1
2716,324,389,1
2717,324,403,1
2718,325,78,1
2719,325,83,1
2720,325,130,1
2721,325,131,1
2722,325,132,1
2723,325,133,1
2724,325,134,1
2725,325,135,1
2726,325,136,1
2727,325,137,1
2728,325,138,1
2729,325,139,1
2730,325,140,1
2731,325,141,1
2732,325,146,1
2733,325,150,1
2734,325,250,1
2735,325,251,1
2736,325,288,1
2737,325,302,1
2738,325,323,1
2739,325,329,1
2740,325,350,1
2741,325,357,1
2742,325,383,1
2743,325,384,1
2744,325,385,1
2745,325,386,1
2746,325,390,1
2747,325,392,1
2748,326,76,1
2749,326,78,1
2750,326,103,1
2751,326,130,1
2752,326,131,1
2753,326,132,1
2754,326,133,1
2755,326,134,1
2756,326,135,1
2757,326,136,1
2758,326,145,1
2759,326,202,1
2760,326,265,1
2761,326,276,1
2762,326,288,1
2763,326,289,1
2764,326,290,1
2765,326,291,1
2766,326,292,1
2767,326,299,1
2768,326,300,1
2769,326,302,1
2770,326,322,1
2771,326,348,1
2772,326,354,1
2773,326,381,1
2774,326,383,1
2775,326,384,1
2776,326,385,1
2777,326,386,1
2778,326,390,1
2779,327,89,1
2780,327,130,1
2781,327,131,1
2782,327,132,1
2783,327,133,1
2784,327,134,1
2785,327,135,1
2786,327,145,1
2787,327,154,1
2788,327,211,1
2789,327,244,1
2790,327,255,1
2791,327,257,1
2792,327,262,1
2793,327,273,1
2794,327,288,1
2795,327,290,1
2796,327,291,1
2797,327,292,1
2798,327,293,1
2799,327,298,1
2800,327,299,1
2801,327,303,1
2802,327,306,1
2803,327,312,1
2804,327,314,1
2805,327,328,1
2806,327,354,1
2807,327,355,1
2808,327,377,1
2809,327,385,1
2810,327,386,1
2811,328,79,1
2812,328,91,1
2813,328,130,1
2814,328,131,1
2815,328,132,1
2816,328,133,1
2817,328,134,1
2818,328,135,1
2819,328,145,1
2820,328,146,1
2821,328,154,1
2822,328,155,1
2823,328,207,1
2824,328,253,1
2825,328,254,1
2826,328,255,1
2827,328,282,1
2828,328,289,1
2829,328,293,1
2830,328,295,1
2831,328,347,1
2832,328,350,1
2833,328,354,1
2834,328,361,1
2835,329,72,1
2836,329,89,1
2837,329,129,1
2838,329,130,1
2839,329,131,1
2840,329,132,1
2841,329,134,1
2842,329,139,1
2843,329,160,1
2844,329,192,1
2845,329,194,1
2846,329,204,1
2847,329,209,1
2848,329,259,1
2849,329,267,1
2850,329,281,1
2851,329,285,1
2852,329,288,1
2853,329,289,1
2854,329,291,1
2855,329,292,1
2856,329,293,1
2857,329,294,1
2858,329,295,1
2859,329,296,1
2860,329,322,1
2861,330,80,1
2862,330,123,1
2863,330,127,1
2864,330,128,1
2865,330,129,1
2866,330,130,1
2867,330,131,1
2868,330,210,1
2869,330,218,1
2870,330,263,1
2871,330,287,1
2872,330,288,1
2873,330,289,1
2874,330,293,1
2875,330,294,1
2876,330,295,1
2877,330,317,1
2878,330,382,1
2879,331,76,1
2880,331,82,1
2881,331,87,1
2882,331,90,1
2883,331,122,1
2884,331,123,1
2885,331,124,1
2886,331,125,1
2887,331,126,1
2888,331,127,1
2889,331,128,1
2890,331,177,1
2891,331,278,1
2892,331,281,1
2893,331,283,1
2894,331,285,1
2895,331,287,1
2896,331,288,1
2897,331,289,1
2898,331,292,1
2899,331,293,1
2900,331,294,1
2901,331,301,1
2902,331,305,1
2903,331,330,1
2904,331,334,1
2905,331,348,1
2906,331,380,1
2907,331,381,1
2908,331,385,1
2909,332,70,1
2910,332,77,1
2911,332,83,1
2912,332,92,1
2913,332,99,1
2914,332,121,1
2915,332,122,1
2916,332,123,1
2917,332,124,1
2918,332,125,1
2919,332,126,1
2920,332,127,1
2921,332,128,1
2922,332,129,1
2923,332,130,1
2924,332,138,1
2925,332,169,1
2926,332,185,1
2927,332,201,1
2928,332,224,1
2929,332,248,1
2930,332,251,1
2931,332,267,1
2932,332,285,1
2933,332,287,1
2934,332,288,1
2935,332,289,1
2936,332,292,1
2937,332,293,1
2938,332,294,1
2939,332,295,1
2940,332,300,1
2941,332,379,1
2942,332,380,1
2943,332,381,1
2944,332,397,1
2945,333,84,1
2946,333,92,1
2947,333,99,1
2948,333,103,1
2949,333,105,1
2950,333,120,1
2951,333,121,1
2952,333,122,1
2953,333,123,1
2954,333,124,1
2955,333,125,1
2956,333,126,1
2957,333,127,1
2958,333,128,1
2959,333,129,1
2960,333,279,1
2961,333,287,1
2962,333,288,1
2963,333,289,1
2964,333,290,1
2965,333,291,1
2966,333,292,1
2967,333,379,1
2968,333,380,1
2969,333,388,1
2970,334,101,1
2971,334,119,1
2972,334,121,1
2973,334,122,1
2974,334,123,1
2975,334,124,1
2976,334,125,1
2977,334,126,1
2978,334,127,1
2979,334,128,1
2980,334,129,1
2981,334,130,1
2982,334,136,1
2983,334,208,1
2984,334,233,1
2985,334,287,1
2986,334,288,1
2987,334,289,1
2988,334,290,1
2989,334,304,1
2990,334,310,1
2991,335,119,1
2992,335,120,1
2993,335,121,1
2994,335,122,1
2995,335,123,1
2996,335,124,1
2997,335,125,1
2998,335,126,1
2999,335,127,1
3000,335,136,1
3001,335,191,1
3002,335,246,1
3003,335,263,1
3004,335,265,1
3005,335,284,1
3006,335,288,1
3007,335,292,1
3008,335,304,1
3009,335,356,1
3010,336,120,1
3011,336,121,1
3012,336,122,1
3013,336,123,1
3014,336,124,1
3015,336,125,1
3016,336,126,1
3017,336,215,1
3018,336,273,1
3019,336,287,1
3020,336,389,1
3021,337,121,1
3022,337,122,1
3023,337,123,1
3024,337,124,1
3025,337,125,1
3026,337,126,1
3027,337,208,1
3028,337,215,1
3029,337,244,1
3030,337,274,1
3031,337,288,1
3032,337,290,1
3033,337,305,1
3034,337,324,1
3035,337,366,1
3036,338,121,1
3037,338,122,1
3038,338,123,1
3039,338,124,1
3040,338,125,1
3041,338,188,1
3042,338,260,1
3043,338,361,1
3044,338,367,1
3045,339,122,1
3046,339,123,1
3047,339,124,1
3048,339,125,1
3049,339,137,1
3050,339,205,1
3051,339,206,1
3052,339,219,1
3053,339,225,1
3054,339,226,1
3055,339,230,1
3056,339,315,1
3057,339,366,1
3058,339,371,1
3059,339,386,1
3060,340,81,1
3061,340,85,1
3062,340,86,1
3063,340,110,1
3064,340,122,1
3065,340,123,1
3066,340,124,1
3067,340,125,1
3068,340,137,1
3069,340,156,1
3070,340,174,1
3071,340,175,1
3072,340,221,1
3073,340,222,1
3074,340,223,1
3075,340,224,1
3076,340,225,1
3077,340,226,1
3078,340,230,1
3079,340,263,1
3080,340,276,1
3081,341,82,1
3082,341,123,1
3083,341,125,1
3084,341,126,1
3085,341,130,1
3086,341,170,1
3087,341,174,1
3088,341,223,1
3089,341,225,1
3090,341,281,1
3091,341,351,1
3092,342,74,1
3093,342,124,1
3094,342,125,1
3095,342,126,1
3096,342,137,1
3097,342,197,1
3098,342,198,1
3099,342,220,1
3100,342,221,1
3101,342,256,1
3102,342,272,1
3103,342,276,1
3104,342,285,1
3105,342,297,1
3106,343,93,1
3107,343,126,1
3108,343,136,1
3109,343,140,1
3110,343,197,1
3111,343,198,1
3112,343,210,1
3113,343,241,1
3114,343,256,1
3115,343,271,1
3116,343,296,1
3117,343,298,1
3118,343,306,1
3119,343,310,1
3120,343,316,1
3121,343,370,1
3122,343,382,1
3123,343,393,1
3124,344,126,1
3125,344,141,1
3126,344,147,1
3127,344,184,1
3128,344,205,1
3129,344,223,1
3130,344,256,1
3131,344,257,1
3132,344,275,1
3133,344,286,1
3134,344,289,1
3135,344,290,1
3136,344,292,1
3137,344,305,1
3138,344,320,1
3139,344,321,1
3140,344,345,1
3141,344,350,1
3142,345,146,1
3143,345,200,1
3144,345,243,1
3145,345,291,1
3146,345,314,1
3147,345,315,1
3148,345,361,1
3149,345,363,1
3150,345,374,1
3151,345,385,1
3152,346,71,1
3153,346,129,1
3154,346,130,1
3155,346,144,1
3156,346,190,1
3157,346,191,1
3158,346,261,1
3159,346,265,1
3160,346,272,1
3161,346,273,1
3162,346,279,1
3163,346,281,1
3164,346,291,1
3165,346,297,1
3166,346,298,1
3167,346,303,1
3168,346,304,1
3169,346,344,1
3170,346,362,1
3171,346,363,1
3172,346,377,1
3173,346,387,1
3174,347,115,1
3175,347,139,1
3176,347,209,1
3177,347,247,1
3178,347,265,1
3179,347,266,1
3180,347,349,1
3181,347,358,1
3182,348,74,1
3183,348,114,1
3184,348,139,1
3185,348,304,1
3186,348,342,1
3187,348,348,1
3188,348,363,1
3189,349,106,1
3190,349,149,1
3191,349,203,1
3192,349,232,1
3193,349,259,1
3194,349,265,1
3195,349,295,1
3196,349,300,1
3197,349,304,1
3198,349,338,1
3199,350,78,1
3200,350,79,1
3201,350,138,1
3202,350,139,1
3203,350,217,1
3204,350,233,1
3205,350,269,1
3206,350,270,1
3207,350,276,1
3208,350,292,1
3209,350,302,1
3210,350,382,1
3211,351,77,1
3212,351,78,1
3213,351,79,1
3214,351,118,1
3215,351,158,1
3216,351,163,1
3217,351,267,1
3218,351,268,1
3219,351,269,1
3220,351,270,1
3221,351,279,1
3222,351,284,1
3223,351,304,1
3224,351,349,1
3225,352,169,1
3226,352,193,1
3227,352,267,1
3228,352,269,1
3229,352,270,1
3230,352,273,1
3231,352,275,1
3232,352,289,1
3233,352,296,1
3234,352,357,1
3235,352,358,1
3236,352,364,1
3237,352,390,1
3238,353,122,1
3239,353,132,1
3240,353,177,1
3241,353,209,1
3242,353,273,1
3243,353,274,1
3244,353,277,1
3245,353,289,1
3246,353,308,1
3247,353,356,1
3248,353,357,1
3249,353,358,1
3250,354,85,1
3251,354,90,1
3252,354,108,1
3253,354,118,1
3254,354,131,1
3255,354,132,1
3256,354,202,1
3257,354,210,1
3258,354,211,1
3259,354,232,1
3260,354,235,1
3261,354,267,1
3262,354,275,1
3263,354,277,1
3264,354,278,1
3265,354,280,1
3266,354,298,1
3267,354,347,1
3268,354,355,1
3269,354,356,1
3270,354,357,1
3271,354,358,1
3272,354,359,1
3273,354,391,1
3274,355,81,1
3275,355,83,1
3276,355,85,1
3277,355,86,1
3278,355,87,1
3279,355,107,1
3280,355,108,1
3281,355,109,1
3282,355,158,1
3283,355,199,1
3284,355,211,1
3285,355,265,1
3286,355,275,1
3287,355,277,1
3288,355,278,1
3289,355,282,1
3290,355,288,1
3291,355,289,1
3292,355,354,1
3293,355,356,1
3294,355,357,1
3295,355,358,1
3296,355,359,1
3297,356,140,1
3298,356,166,1
3299,356,188,1
3300,356,203,1
3301,356,206,1
3302,356,229,1
3303,356,292,1
3304,356,346,1
3305,356,354,1
3306,356,356,1
3307,356,357,1
3308,356,358,1
3309,356,359,1
3310,356,389,1
3311,357,85,1
3312,357,127,1
3313,357,277,1
3314,357,294,1
3315,357,301,1
3316,357,302,1
3317,357,329,1
3318,357,354,1
3319,357,355,1
3320,357,356,1
3321,357,357,1
3322,357,358,1
3323,357,359,1
3324,357,360,1
3325,357,364,1
3326,357,393,1
3327,358,84,1
3328,358,180,1
3329,358,207,1
3330,358,258,1
3331,358,263,1
3332,358,277,1
3333,358,282,1
3334,358,283,1
3335,359,107,1
3336,359,121,1
3337,359,158,1
3338,359,191,1
3339,359,267,1
3340,359,278,1
3341,359,281,1
3342,359,297,1
3343,359,370,1
3344,359,376,1
3345,360,99,1
3346,360,101,1
3347,360,106,1
3348,360,119,1
3349,360,154,1
3350,360,156,1
3351,360,234,1
3352,360,254,1
3353,360,263,1
3354,360,273,1
3355,360,302,1
3356,360,348,1
3357,360,361,1
3358,360,369,1
3359,361,90,1
3360,361,183,1
3361,361,184,1
3362,361,185,1
3363,361,187,1
3364,361,192,1
3365,361,200,1
3366,361,221,1
3367,361,224,1
3368,361,229,1
3369,361,233,1
3370,361,262,1
3371,361,283,1
3372,361,295,1
3373,361,299,1
3374,361,309,1
3375,361,347,1
3376,361,348,1
3377,361,349,1
3378,361,361,1
3379,361,391,1
3380,362,141,1
3381,362,160,1
3382,362,183,1
3383,362,206,1
3384,362,259,1
3385,362,346,1
3386,362,347,1
3387,362,348,1
3388,362,349,1
3389,362,362,1
3390,362,391,1
3391,362,392,1
3392,363,75,1
3393,363,111,1
3394,363,112,1
3395,363,122,1
3396,363,126,1
3397,363,127,1
3398,363,135,1
3399,363,190,1
3400,363,236,1
3401,363,237,1
3402,363,241,1
3403,363,292,1
3404,363,307,1
3405,363,332,1
3406,363,348,1
3407,363,353,1
3408,363,370,1
3409,363,379,1
3410,363,393,1
3411,364,111,1
3412,364,145,1
3413,364,146,1
3414,364,209,1
3415,364,289,1
3416,364,298,1
3417,364,299,1
3418,365,175,1
3419,365,196,1
3420,365,235,1
3421,365,292,1
3422,365,299,1
3423,365,300,1
3424,366,107,1
3425,366,133,1
3426,366,191,1
3427,366,199,1
3428,366,299,1
3429,366,335,1
3430,366,349,1
3431,367,96,1
3432,367,124,1
3433,367,132,1
3434,367,171,1
3435,367,191,1
3436,367,230,1
3437,367,272,1
3438,368,100,1
3439,368,135,1
3440,368,163,1
3441,368,165,1
3442,368,181,1
3443,368,187,1
3444,368,237,1
3445,368,245,1
3446,368,289,1
3447,368,295,1
3448,368,305,1
3449,368,313,1
3450,369,127,1
3451,369,128,1
3452,369,165,1
3453,369,171,1
3454,369,184,1
3455,369,202,1
3456,369,221,1
3457,369,243,1
3458,369,291,1
3459,369,293,1
3460,369,323,1
3461,369,346,1
3462,370,133,1
3463,370,150,1
3464,370,159,1
3465,370,188,1
3466,370,221,1
3467,370,225,1
3468,370,234,1
3469,370,291,1
3470,370,292,1
3471,370,299,1
3472,371,102,1
3473,371,113,1
3474,371,117,1
3475,371,121,1
3476,371,160,1
3477,371,165,1
3478,371,233,1
3479,371,272,1
3480,371,293,1
3481,371,294,1
3482,371,298,1
3483,372,122,1
3484,372,135,1
3485,372,184,1
3486,372,224,1
3487,372,228,1
3488,372,296,1
3489,372,305,1
3490,373,116,1
3491,373,183,1
3492,373,198,1
3493,373,241,1
3494,373,268,1
3495,373,296,1
3496,373,305,1
3497,374,157,1
3498,374,167,1
3499,374,299,1
3500,375,108,1
3501,375,170,1
3502,375,173,1
3503,375,174,1
3504,375,197,1
3505,375,223,1
3506,375,224,1
3507,375,228,1
3508,375,298,1
3509,375,304,1
3510,376,152,1
3511,376,157,1
3512,376,172,1
3513,376,173,1
3514,376,180,1
3515,376,181,1
3516,376,247,1
3517,376,250,1
3518,376,287,1
3519,376,299,1
3520,376,302,1
3521,376,306,1
3522,377,160,1
3523,377,179,1
3524,377,180,1
3525,377,198,1
3526,377,207,1
3527,377,210,1
3528,377,222,1
3529,377,224,1
3530,377,232,1
3531,377,236,1
3532,377,285,1
3533,377,289,1
3534,377,294,1
3535,377,299,1
3536,377,306,1
3537,378,155,1
3538,378,204,1
3539,378,206,1
3540,378,209,1
3541,378,223,1
3542,378,224,1
3543,378,231,1
3544,378,261,1
3545,378,295,1
3546,379,166,1
3547,379,167,1
3548,379,191,1
3549,379,223,1
3550,379,224,1
3551,379,263,1
3552,379,280,1
3553,379,317,1
3554,379,345,1
3555,379,351,1
3556,380,214,1
3557,380,226,1
3558,380,231,1
3559,380,240,1
3560,380,250,1
3561,380,256,1
3562,380,269,1
3563,380,281,1
3564,381,193,1
3565,381,227,1
3566,381,233,1
3567,381,234,1
3568,381,235,1
3569,381,236,1
3570,381,285,1
3571,381,297,1
3572,381,300,1
3573,381,309,1
3574,381,310,1
3575,381,311,1
3576,381,347,1
3577,382,93,1
3578,382,106,1
3579,382,184,1
3580,382,205,1
3581,382,231,1
3582,382,232,1
3583,382,233,1
3584,382,234,1
3585,382,235,1
3586,382,236,1
3587,382,237,1
3588,382,238,1
3589,382,250,1
3590,382,259,1
3591,382,291,1
3592,382,307,1
3593,382,308,1
3594,382,309,1
3595,382,310,1
3596,382,329,1
3597,382,401,1
3598,383,103,1
3599,383,174,1
3600,383,184,1
3601,383,234,1
3602,383,276,1
3603,383,279,1
3604,383,295,1
3605,383,308,1
3606,383,309,1
3607,383,337,1
3608,384,79,1
3609,384,80,1
3610,384,81,1
3611,384,101,1
3612,384,105,1
3613,384,106,1
3614,384,214,1
3615,384,343,1
3616,384,402,1
3617,385,106,1
3618,385,154,1
3619,385,164,1
3620,385,192,1
3621,385,268,1
3622,385,271,1
3623,385,288,1
3624,385,316,1
3625,385,320,1
3626,386,117,1
3627,386,124,1
3628,386,152,1
3629,386,161,1
3630,386,164,1
3631,386,168,1
3632,386,239,1
3633,386,245,1
3634,386,261,1
3635,386,263,1
3636,386,277,1
3637,386,334,1
3638,386,341,1
3639,386,342,1
3640,386,407,1
3641,387,107,1
3642,387,166,1
3643,387,169,1
3644,387,190,1
3645,387,218,1
3646,387,298,1
3647,387,324,1
3648,387,328,1
3649,387,331,1
3650,387,359,1
3651,387,388,1
3652,387,402,1
3653,387,407,1
3654,387,408,1
3655,387,409,1
3656,388,93,1
3657,388,94,1
3658,388,97,1
3659,388,100,1
3660,388,131,1
3661,388,167,1
3662,388,195,1
3663,388,196,1
3664,388,288,1
3665,388,314,1
3666,388,367,1
3667,388,380,1
3668,388,388,1
3669,388,403,1
3670,389,94,1
3671,389,174,1
3672,389,177,1
3673,389,195,1
3674,389,217,1
3675,389,218,1
3676,389,228,1
3677,389,299,1
3678,389,323,1
3679,389,385,1
3680,389,388,1
3681,389,398,1
3682,389,401,1
3683,389,405,1
3684,390,154,1
3685,390,155,1
3686,390,185,1
3687,390,207,1
3688,390,208,1
3689,390,242,1
3690,390,288,1
3691,390,294,1
3692,390,301,1
3693,390,314,1
3694,390,359,1
3695,390,391,1
3696,390,399,1
3697,390,400,1
3698,391,119,1
3699,391,135,1
3700,391,190,1
3701,391,241,1
3702,391,273,1
3703,391,276,1
3704,391,339,1
3705,391,356,1
3706,391,357,1
3707,391,379,1
3708,392,78,1
3709,392,113,1
3710,392,122,1
3711,392,172,1
3712,392,180,1
3713,392,217,1
3714,392,231,1
3715,392,266,1
3716,392,311,1
3717,392,396,1
3718,393,118,1
3719,393,131,1
3720,393,168,1
3721,393,172,1
3722,393,191,1
3723,393,201,1
3724,393,227,1
3725,393,277,1
3726,393,360,1
3727,394,112,1
3728,394,114,1
3729,394,170,1
3730,394,214,1
3731,394,272,1
3732,394,335,1
3733,394,340,1
3734,394,364,1
3735,395,104,1
3736,395,118,1
3737,395,240,1
3738,395,262,1
3739,395,286,1
3740,395,318,1
3741,395,370,1
3742,395,390,1
3743,395,411,1
3744,396,113,1
3745,396,115,1
3746,396,146,1
3747,396,208,1
3748,396,284,1
3749,396,286,1
3750,396,303,1
3751,396,323,1
3752,396,374,1
3753,396,393,1
3754,396,405,1
3755,397,160,1
3756,397,201,1
3757,397,202,1
3758,397,215,1
3759,397,219,1
3760,397,241,1
3761,397,268,1
3762,397,288,1
3763,397,323,1
3764,397,339,1
3765,397,397,1
3766,397,413,1
3767,398,135,1
3768,398,204,1
3769,398,216,1
3770,398,239,1
3771,398,246,1
3772,398,251,1
3773,398,262,1
3774,398,338,1
3775,398,358,1
3776,398,362,1
3777,398,370,1
3778,399,101,1
3779,399,103,1
3780,399,147,1
3781,399,199,1
3782,399,217,1
3783,399,218,1
3784,399,231,1
3785,399,232,1
3786,399,244,1
3787,399,246,1
3788,399,337,1
3789,399,350,1
3790,399,362,1
3791,399,402,1
3792,400,81,1
3793,400,100,1
3794,400,101,1
3795,400,102,1
3796,400,103,1
3797,400,107,1
3798,400,145,1
3799,400,190,1
3800,400,202,1
3801,400,231,1
3802,400,242,1
3803,400,244,1
3804,400,248,1
3805,400,249,1
3806,400,261,1
3807,400,262,1
3808,400,308,1
3809,400,311,1
3810,400,327,1
3811,400,371,1
3812,401,101,1
3813,401,102,1
3814,401,103,1
3815,401,131,1
3816,401,134,1
3817,401,140,1
3818,401,234,1
3819,401,247,1
3820,401,251,1
3821,401,265,1
3822,401,382,1
3823,402,133,1
3824,402,172,1
3825,402,195,1
3826,402,206,1
3827,402,234,1
3828,402,239,1
3829,402,245,1
3830,402,247,1
3831,402,248,1
3832,402,256,1
3833,402,265,1
3834,402,267,1
3835,402,323,1
3836,402,346,1
3837,402,347,1
3838,402,371,1
3839,403,184,1
3840,403,195,1
3841,403,204,1
3842,403,233,1
3843,403,234,1
3844,403,247,1
3845,403,251,1
3846,403,254,1
3847,403,259,1
3848,403,263,1
3849,403,265,1
3850,403,275,1
3851,403,283,1
3852,403,286,1
3853,403,365,1
3854,403,413,1
3855,404,250,1
3856,404,266,1
3857,404,272,1
3858,405,180,1
3859,405,183,1
3860,405,184,1
3861,405,187,1
3862,405,205,1
3863,405,218,1
3864,405,226,1
3865,405,235,1
3866,405,237,1
3867,405,252,1
3868,405,253,1
3869,405,257,1
3870,405,261,1
3871,405,263,1
3872,405,375,1
3873,406,106,1
3874,406,188,1
3875,406,206,1
3876,406,215,1
3877,406,241,1
3878,406,243,1
3879,406,252,1
3880,406,253,1
3881,406,261,1
3882,406,263,1
3883,406,266,1
3884,406,273,1
3885,406,274,1
3886,406,349,1
3887,406,380,1
3888,407,186,1
3889,407,188,1
3890,407,191,1
3891,407,206,1
3892,407,228,1
3893,407,236,1
3894,407,250,1
3895,407,252,1
3896,407,253,1
3897,407,255,1
3898,407,260,1
3899,407,274,1
3900,407,303,1
3901,407,386,1
3902,407,407,1
3903,408,129,1
3904,408,144,1
3905,408,181,1
3906,408,185,1
3907,408,213,1
3908,408,251,1
3909,408,254,1
3910,408,255,1
3911,408,268,1
3912,408,270,1
3913,408,294,1
3914,409,92,1
3915,409,141,1
3916,409,169,1
3917,409,172,1
3918,409,173,1
3919,409,183,1
3920,409,188,1
3921,409,191,1
3922,409,199,1
3923,409,206,1
3924,409,252,1
3925,409,262,1
3926,409,273,1
3927,409,358,1
3928,409,371,1
3929,409,375,1
3930,410,172,1
3931,410,173,1
3932,410,189,1
3933,410,224,1
3934,410,240,1
3935,410,241,1
3936,410,254,1
3937,410,302,1
3938,410,310,1
3939,410,358,1
3940,410,381,1
3941,410,399,1
3942,410,405,1
3943,411,147,1
3944,411,171,1
3945,411,172,1
3946,411,173,1
3947,411,174,1
3948,411,182,1
3949,411,183,1
3950,411,188,1
3951,411,195,1
3952,411,214,1
3953,411,221,1
3954,411,222,1
3955,411,231,1
3956,411,302,1
3957,411,364,1
3958,411,368,1
3959,412,97,1
3960,412,98,1
3961,412,106,1
3962,412,147,1
3963,412,166,1
3964,412,170,1
3965,412,171,1
3966,412,172,1
3967,412,173,1
3968,412,174,1
3969,412,182,1
3970,412,183,1
3971,412,186,1
3972,412,191,1
3973,412,202,1
3974,412,222,1
3975,412,229,1
3976,412,233,1
3977,412,235,1
3978,412,242,1
3979,412,243,1
3980,412,265,1
3981,412,347,1
3982,412,354,1
3983,412,363,1
3984,412,399,1
3985,412,403,1
3986,413,97,1
3987,413,98,1
3988,413,106,1
3989,413,107,1
3990,413,109,1
3991,413,170,1
3992,413,171,1
3993,413,172,1
3994,413,173,1
3995,413,174,1
3996,413,181,1
3997,413,182,1
3998,413,183,1
3999,413,184,1
4000,413,191,1
4001,413,195,1
4002,413,196,1
4003,413,199,1
4004,413,212,1
4005,413,219,1
4006,413,229,1
4007,413,242,1
4008,413,259,1
4009,413,265,1
4010,413,266,1
4011,413,269,1
4012,413,286,1
4013,413,301,1
4014,413,347,1
4015,413,348,1
4016,414,106,1
4017,414,107,1
4018,414,109,1
4019,414,155,1
4020,414,168,1
4021,414,169,1
4022,414,170,1
4023,414,171,1
4024,414,172,1
4025,414,173,1
4026,414,174,1
4027,414,175,1
4028,414,180,1
4029,414,181,1
4030,414,182,1
4031,414,183,1
4032,414,184,1
4033,414,200,1
4034,414,230,1
4035,414,241,1
4036,414,243,1
4037,414,244,1
4038,414,256,1
4039,414,259,1
4040,414,264,1
4041,414,265,1
4042,414,267,1
4043,414,296,1
4044,414,350,1
4045,414,368,1
4046,414,397,1
4047,415,125,1
4048,415,168,1
4049,415,169,1
4050,415,170,1
4051,415,171,1
4052,415,172,1
4053,415,173,1
4054,415,174,1
4055,415,180,1
4056,415,181,1
4057,415,182,1
4058,415,183,1
4059,415,237,1
4060,415,240,1
4061,415,242,1
4062,415,243,1
4063,415,244,1
4064,415,252,1
4065,415,257,1
4066,415,260,1
4067,415,264,1
4068,415,265,1
4069,415,266,1
4070,415,286,1
4071,415,298,1
4072,415,310,1
4073,415,351,1
4074,415,379,1
4075,415,380,1
4076,415,385,1
4077,415,389,1
4078,416,98,1
4079,416,116,1
4080,416,169,1
4081,416,170,1
4082,416,171,1
4083,416,172,1
4084,416,173,1
4085,416,174,1
4086,416,175,1
4087,416,180,1
4088,416,181,1
4089,416,182,1
4090,416,229,1
4091,416,230,1
4092,416,243,1
4093,416,244,1
4094,416,258,1
4095,416,260,1
4096,416,263,1
4097,416,265,1
4098,416,266,1
4099,416,278,1
4100,416,288,1
4101,416,360,1
4102,416,382,1
4103,417,98,1
4104,417,136,1
4105,417,170,1
4106,417,171,1
4107,417,172,1
4108,417,173,1
4109,417,174,1
4110,417,180,1
4111,417,181,1
4112,417,182,1
4113,417,186,1
4114,417,190,1
4115,417,220,1
4116,417,224,1
4117,417,235,1
4118,417,236,1
4119,417,243,1
4120,417,244,1
4121,417,245,1
4122,417,253,1
4123,417,262,1
4124,417,263,1
4125,417,264,1
4126,417,265,1
4127,417,266,1
4128,417,267,1
4129,417,276,1
4130,417,300,1
4131,417,310,1
4132,417,356,1
4133,417,372,1
4134,417,373,1
4135,417,380,1
4136,417,398,1
4137,417,400,1
4138,418,98,1
4139,418,100,1
4140,418,116,1
4141,418,168,1
4142,418,170,1
4143,418,171,1
4144,418,172,1
4145,418,181,1
4146,418,182,1
4147,418,183,1
4148,418,198,1
4149,418,200,1
4150,418,204,1
4151,418,224,1
4152,418,241,1
4153,418,244,1
4154,418,261,1
4155,418,262,1
4156,418,263,1
4157,418,264,1
4158,418,265,1
4159,418,266,1
4160,418,267,1
4161,418,292,1
4162,418,310,1
4163,418,311,1
4164,418,355,1
4165,418,373,1
4166,418,406,1
4167,419,93,1
4168,419,97,1
4169,419,98,1
4170,419,100,1
4171,419,137,1
4172,419,142,1
4173,419,167,1
4174,419,168,1
4175,419,169,1
4176,419,170,1
4177,419,196,1
4178,419,211,1
4179,419,241,1
4180,419,242,1
4181,419,261,1
4182,419,262,1
4183,419,263,1
4184,419,264,1
4185,419,265,1
4186,419,266,1
4187,419,288,1
4188,419,314,1
4189,419,346,1
4190,419,405,1
4191,420,92,1
4192,420,93,1
4193,420,94,1
4194,420,97,1
4195,420,98,1
4196,420,99,1
4197,420,163,1
4198,420,166,1
4199,420,167,1
4200,420,168,1
4201,420,169,1
4202,420,170,1
4203,420,174,1
4204,420,184,1
4205,420,200,1
4206,420,242,1
4207,420,243,1
4208,420,244,1
4209,420,245,1
4210,420,261,1
4211,420,262,1
4212,420,263,1
4213,420,264,1
4214,420,265,1
4215,420,266,1
4216,420,284,1
4217,420,290,1
4218,420,314,1
4219,420,347,1
4220,420,348,1
4221,420,366,1
4222,420,394,1
4223,420,413,1
4224,421,89,1
4225,421,93,1
4226,421,97,1
4227,421,98,1
4228,421,100,1
4229,421,167,1
4230,421,168,1
4231,421,169,1
4232,421,170,1
4233,421,173,1
4234,421,185,1
4235,421,194,1
4236,421,208,1
4237,421,242,1
4238,421,243,1
4239,421,251,1
4240,421,260,1
4241,421,261,1
4242,421,262,1
4243,421,263,1
4244,421,264,1
4245,421,265,1
4246,421,312,1
4247,421,345,1
4248,421,347,1
4249,421,349,1
4250,421,380,1
4251,421,389,1
4252,421,391,1
4253,421,414,1
4254,422,95,1
4255,422,97,1
4256,422,167,1
4257,422,168,1
4258,422,169,1
4259,422,170,1
4260,422,171,1
4261,422,172,1
4262,422,207,1
4263,422,222,1
4264,422,223,1
4265,422,230,1
4266,422,261,1
4267,422,262,1
4268,422,263,1
4269,422,264,1
4270,422,265,1
4271,422,310,1
4272,422,363,1
4273,422,369,1
4274,422,380,1
4275,422,392,1
4276,422,394,1
4277,422,400,1
4278,422,418,1
4279,423,116,1
4280,423,165,1
4281,423,167,1
4282,423,168,1
4283,423,169,1
4284,423,170,1
4285,423,171,1
4286,423,172,1
4287,423,173,1
4288,423,178,1
4289,423,196,1
4290,423,205,1
4291,423,262,1
4292,423,281,1
4293,423,302,1
4294,423,312,1
4295,423,314,1
4296,423,317,1
4297,423,352,1
4298,423,379,1
4299,423,418,1
4300,424,80,1
4301,424,116,1
4302,424,142,1
4303,424,161,1
4304,424,166,1
4305,424,167,1
4306,424,168,1
4307,424,169,1
4308,424,170,1
4309,424,171,1
4310,424,172,1
4311,424,175,1
4312,424,204,1
4313,424,213,1
4314,424,241,1
4315,424,263,1
4316,424,270,1
4317,424,303,1
4318,424,311,1
4319,424,381,1
4320,424,386,1
4321,424,389,1
4322,424,398,1
4323,425,97,1
4324,425,115,1
4325,425,167,1
4326,425,168,1
4327,425,169,1
4328,425,170,1
4329,425,171,1
4330,425,175,1
4331,425,196,1
4332,425,249,1
4333,425,285,1
4334,425,315,1
4335,425,316,1
4336,425,363,1
4337,425,368,1
4338,426,98,1
4339,426,167,1
4340,426,168,1
4341,426,169,1
4342,426,170,1
4343,426,173,1
4344,426,189,1
4345,426,195,1
4346,426,220,1
4347,426,232,1
4348,426,313,1
4349,426,315,1
4350,426,316,1
4351,426,367,1
4352,426,373,1
4353,426,402,1
4354,426,403,1
4355,426,418,1
4356,427,98,1
4357,427,117,1
4358,427,129,1
4359,427,164,1
4360,427,167,1
4361,427,168,1
4362,427,169,1
4363,427,170,1
4364,427,171,1
4365,427,172,1
4366,427,178,1
4367,427,181,1
4368,427,212,1
4369,427,278,1
4370,427,298,1
4371,427,299,1
4372,427,312,1
4373,427,314,1
4374,427,341,1
4375,427,351,1
4376,427,369,1
4377,427,396,1
4378,428,131,1
4379,428,167,1
4380,428,168,1
4381,428,169,1
4382,428,170,1
4383,428,172,1
4384,428,189,1
4385,428,238,1
4386,428,250,1
4387,428,300,1
4388,428,338,1
4389,428,355,1
4390,428,369,1
4391,428,401,1
4392,428,416,1
4393,429,116,1
4394,429,139,1
4395,429,165,1
4396,429,167,1
4397,429,168,1
4398,429,169,1
4399,429,170,1
4400,429,174,1
4401,429,175,1
4402,429,197,1
4403,429,203,1
4404,429,225,1
4405,429,263,1
4406,429,283,1
4407,429,291,1
4408,429,295,1
4409,429,343,1
4410,429,359,1
4411,429,371,1
4412,430,102,1
4413,430,167,1
4414,430,168,1
4415,430,169,1
4416,430,226,1
4417,430,231,1
4418,430,273,1
4419,430,282,1
4420,430,309,1
4421,430,347,1
4422,430,357,1
4423,430,358,1
4424,430,359,1
4425,431,94,1
4426,431,120,1
4427,431,144,1
4428,431,168,1
4429,431,169,1
4430,431,174,1
4431,431,178,1
4432,431,197,1
4433,431,203,1
4434,431,225,1
4435,431,238,1
4436,431,239,1
4437,431,364,1
4438,431,383,1
4439,431,396,1
4440,431,404,1
4441,431,415,1
4442,431,418,1
4443,431,422,1
4444,432,93,1
4445,432,144,1
4446,432,168,1
4447,432,169,1
4448,432,182,1
4449,432,212,1
4450,432,223,1
4451,432,300,1
4452,432,310,1
4453,432,317,1
4454,432,381,1
4455,432,389,1
4456,433,93,1
4457,433,161,1
4458,433,166,1
4459,433,167,1
4460,433,168,1
4461,433,169,1
4462,433,203,1
4463,433,211,1
4464,433,241,1
4465,433,272,1
4466,433,287,1
4467,433,307,1
4468,433,308,1
4469,433,312,1
4470,433,370,1
4471,433,384,1
4472,433,395,1
4473,433,401,1
4474,433,418,1
4475,434,167,1
4476,434,168,1
4477,434,169,1
4478,434,182,1
4479,434,196,1
4480,434,205,1
4481,434,211,1
4482,434,293,1
4483,434,298,1
4484,434,299,1
4485,434,349,1
4486,434,396,1
4487,434,419,1
4488,435,159,1
4489,435,168,1
4490,435,169,1
4491,435,186,1
4492,435,187,1
4493,435,211,1
4494,435,228,1
4495,435,239,1
4496,435,240,1
4497,435,241,1
4498,435,269,1
4499,435,353,1
4500,435,369,1
4501,435,372,1
4502,435,399,1
4503,436,155,1
4504,436,168,1
4505,436,169,1
4506,436,174,1
4507,436,183,1
4508,436,187,1
4509,436,199,1
4510,436,226,1
4511,436,232,1
4512,436,237,1
4513,436,292,1
4514,436,304,1
4515,436,347,1
4516,437,104,1
4517,437,155,1
4518,437,167,1
4519,437,168,1
4520,437,169,1
4521,437,186,1
4522,437,194,1
4523,437,207,1
4524,437,209,1
4525,437,235,1
4526,437,237,1
4527,437,239,1
4528,437,245,1
4529,437,246,1
4530,437,324,1
4531,437,370,1
4532,437,374,1
4533,437,399,1
4534,438,166,1
4535,438,168,1
4536,438,169,1
4537,438,172,1
4538,438,176,1
4539,438,177,1
4540,438,182,1
4541,438,183,1
4542,438,245,1
4543,438,246,1
4544,438,271,1
4545,438,298,1
4546,438,346,1
4547,438,390,1
4548,438,402,1
4549,439,103,1
4550,439,165,1
4551,439,169,1
4552,439,170,1
4553,439,171,1
4554,439,174,1
4555,439,176,1
4556,439,177,1
4557,439,179,1
4558,439,185,1
4559,439,216,1
4560,439,244,1
4561,439,245,1
4562,439,266,1
4563,439,300,1
4564,439,319,1
4565,439,351,1
4566,439,360,1
4567,439,362,1
4568,439,368,1
4569,439,385,1
4570,439,403,1
4571,440,140,1
4572,440,164,1
4573,440,165,1
4574,440,167,1
4575,440,168,1
4576,440,169,1
4577,440,170,1
4578,440,172,1
4579,440,173,1
4580,440,174,1
4581,440,175,1
4582,440,176,1
4583,440,218,1
4584,440,222,1
4585,440,266,1
4586,440,378,1
4587,440,379,1
4588,441,139,1
4589,441,168,1
4590,441,170,1
4591,441,173,1
4592,441,174,1
4593,441,175,1
4594,441,222,1
4595,441,230,1
4596,441,264,1
4597,441,337,1
4598,441,348,1
4599,442,113,1
4600,442,122,1
4601,442,164,1
4602,442,165,1
4603,442,170,1
4604,442,174,1
4605,442,179,1
4606,442,237,1
4607,442,269,1
4608,442,272,1
4609,442,298,1
4610,442,307,1
4611,442,397,1
4612,443,176,1
4613,443,190,1
4614,443,226,1
4615,443,238,1
4616,443,245,1
4617,443,246,1
4618,443,274,1
4619,443,285,1
4620,443,300,1
4621,443,320,1
4622,443,348,1
4623,444,107,1
4624,444,171,1
4625,444,213,1
4626,444,214,1
4627,444,243,1
4628,444,245,1
4629,444,246,1
4630,444,247,1
4631,444,256,1
4632,444,267,1
4633,444,269,1
4634,444,272,1
4635,444,351,1
4636,445,97,1
4637,445,161,1
4638,445,172,1
4639,445,173,1
4640,445,183,1
4641,445,185,1
4642,445,202,1
4643,445,218,1
4644,445,229,1
4645,445,243,1
4646,445,245,1
4647,445,246,1
4648,445,247,1
4649,445,267,1
4650,445,269,1
4651,445,365,1
4652,445,401,1
4653,446,82,1
4654,446,96,1
4655,446,97,1
4656,446,120,1
4657,446,174,1
4658,446,197,1
4659,446,203,1
4660,446,213,1
4661,446,239,1
4662,446,241,1
4663,446,244,1
4664,446,245,1
4665,446,246,1
4666,446,247,1
4667,446,318,1
4668,446,396,1
4669,446,397,1
4670,447,85,1
4671,447,96,1
4672,447,180,1
4673,447,186,1
4674,447,187,1
4675,447,204,1
4676,447,213,1
4677,447,224,1
4678,447,242,1
4679,447,243,1
4680,447,244,1
4681,447,245,1
4682,447,246,1
4683,447,247,1
4684,447,253,1
4685,447,270,1
4686,447,323,1
4687,448,95,1
4688,448,101,1
4689,448,168,1
4690,448,204,1
4691,448,222,1
4692,448,229,1
4693,448,232,1
4694,448,242,1
4695,448,243,1
4696,448,244,1
4697,448,245,1
4698,448,246,1
4699,448,247,1
4700,448,270,1
4701,448,304,1
4702,449,94,1
4703,449,180,1
4704,449,216,1
4705,449,229,1
4706,449,233,1
4707,449,239,1
4708,449,243,1
4709,449,244,1
4710,449,245,1
4711,449,246,1
4712,449,247,1
4713,449,267,1
4714,449,395,1
4715,449,403,1
4716,450,159,1
4717,450,160,1
4718,450,220,1
4719,450,221,1
4720,450,231,1
4721,450,242,1
4722,450,243,1
4723,450,244,1
4724,450,245,1
4725,450,246,1
4726,450,268,1
4727,450,272,1
4728,450,273,1
4729,450,348,1
4730,450,388,1
4731,450,391,1
4732,451,82,1
4733,451,92,1
4734,451,126,1
4735,451,169,1
4736,451,174,1
4737,451,178,1
4738,451,180,1
4739,451,195,1
4740,451,206,1
4741,451,232,1
4742,451,242,1
4743,451,243,1
4744,451,244,1
4745,451,245,1
4746,451,246,1
4747,452,121,1
4748,452,172,1
4749,452,179,1
4750,452,180,1
4751,452,197,1
4752,452,206,1
4753,452,220,1
4754,452,232,1
4755,452,242,1
4756,452,243,1
4757,452,244,1
4758,452,245,1
4759,452,266,1
4760,452,301,1
4761,452,373,1
4762,453,99,1
4763,453,185,1
4764,453,221,1
4765,453,241,1
4766,453,242,1
4767,453,243,1
4768,453,244,1
4769,453,245,1
4770,453,246,1
4771,453,247,1
4772,453,264,1
4773,453,284,1
4774,453,326,1
4775,453,398,1
4776,454,150,1
4777,454,173,1
4778,454,184,1
4779,454,228,1
4780,454,241,1
4781,454,242,1
4782,454,243,1
4783,454,244,1
4784,454,245,1
4785,454,258,1
4786,454,262,1
4787,454,329,1
4788,454,378,1
4789,454,406,1
4790,455,87,1
4791,455,158,1
4792,455,162,1
4793,455,238,1
4794,455,241,1
4795,455,242,1
4796,455,243,1
4797,455,244,1
4798,455,259,1
4799,455,265,1
4800,455,270,1
4801,455,310,1
4802,455,321,1
4803,455,326,1
4804,455,346,1
4805,455,399,1
4806,456,80,1
4807,456,87,1
4808,456,90,1
4809,456,92,1
4810,456,145,1
4811,456,159,1
4812,456,172,1
4813,456,199,1
4814,456,241,1
4815,456,242,1
4816,456,243,1
4817,456,244,1
4818,456,245,1
4819,456,260,1
4820,456,264,1
4821,456,267,1
4822,456,270,1
4823,456,282,1
4824,456,306,1
4825,456,315,1
4826,456,331,1
4827,456,360,1
4828,457,91,1
4829,457,106,1
4830,457,165,1
4831,457,193,1
4832,457,209,1
4833,457,213,1
4834,457,241,1
4835,457,242,1
4836,457,243,1
4837,457,244,1
4838,457,268,1
4839,457,272,1
4840,457,275,1
4841,457,277,1
4842,457,283,1
4843,457,402,1
4844,458,82,1
4845,458,83,1
4846,458,210,1
4847,458,216,1
4848,458,239,1
4849,458,240,1
4850,458,242,1
4851,458,243,1
4852,458,244,1
4853,458,276,1
4854,459,92,1
4855,459,119,1
4856,459,164,1
4857,459,167,1
4858,459,184,1
4859,459,220,1
4860,459,230,1
4861,459,240,1
4862,459,241,1
4863,459,242,1
4864,459,243,1
4865,459,244,1
4866,459,258,1
4867,459,269,1
4868,459,280,1
4869,459,284,1
4870,459,403,1
4871,460,81,1
4872,460,90,1
4873,460,91,1
4874,460,106,1
4875,460,166,1
4876,460,203,1
4877,460,210,1
4878,460,239,1
4879,460,241,1
4880,460,242,1
4881,460,243,1
4882,460,244,1
4883,460,247,1
4884,460,254,1
4885,460,276,1
4886,460,280,1
4887,460,286,1
4888,460,305,1
4889,460,362,1
4890,460,380,1
4891,460,416,1
4892,461,88,1
4893,461,90,1
4894,461,91,1
4895,461,98,1
4896,461,111,1
4897,461,145,1
4898,461,156,1
4899,461,186,1
4900,461,202,1
4901,461,205,1
4902,461,212,1
4903,461,216,1
4904,461,227,1
4905,461,230,1
4906,461,234,1
4907,461,235,1
4908,461,241,1
4909,461,243,1
4910,461,271,1
4911,461,274,1
4912,461,408,1
4913,462,90,1
4914,462,91,1
4915,462,92,1
4916,462,93,1
4917,462,143,1
4918,462,180,1
4919,462,236,1
4920,462,243,1
4921,462,298,1
4922,462,303,1
4923,462,366,1
4924,462,382,1
4925,463,90,1
4926,463,92,1
4927,463,93,1
4928,463,103,1
4929,463,111,1
4930,463,141,1
4931,463,147,1
4932,463,225,1
4933,463,279,1
4934,463,293,1
4935,463,304,1
4936,463,365,1
4937,463,380,1
4938,463,381,1
4939,464,89,1
4940,464,91,1
4941,464,97,1
4942,464,100,1
4943,464,103,1
4944,464,121,1
4945,464,150,1
4946,464,183,1
4947,464,206,1
4948,464,225,1
4949,464,281,1
4950,464,285,1
4951,464,295,1
4952,464,297,1
4953,464,298,1
4954,464,301,1
4955,464,312,1
4956,464,363,1
4957,464,369,1
4958,464,380,1
4959,464,381,1
4960,464,406,1
4961,465,80,1
4962,465,89,1
4963,465,156,1
4964,465,199,1
4965,465,215,1
4966,465,219,1
4967,465,270,1
4968,465,282,1
4969,465,287,1
4970,465,290,1
4971,465,311,1
4972,465,312,1
4973,465,322,1
4974,465,367,1
4975,466,78,1
4976,466,99,1
4977,466,119,1
4978,466,122,1
4979,466,161,1
4980,466,178,1
4981,466,189,1
4982,466,212,1
4983,466,230,1
4984,466,257,1
4985,466,268,1
4986,466,281,1
4987,466,285,1
4988,466,288,1
4989,466,358,1
4990,466,368,1
4991,467,91,1
4992,467,181,1
4993,467,190,1
4994,467,223,1
4995,467,226,1
4996,467,240,1
4997,467,268,1
4998,467,288,1
4999,467,304,1
5000,467,305,1
5001,467,399,1
5002,468,116,1
5003,468,143,1
5004,468,152,1
5005,468,180,1
5006,468,199,1
5007,468,220,1
5008,468,228,1
5009,468,236,1
5010,468,240,1
5011,468,254,1
5012,468,274,1
5013,468,279,1
5014,468,315,1
5015,469,81,1
5016,469,110,1
5017,469,122,1
5018,469,151,1
5019,469,172,1
5020,469,175,1
5021,469,180,1
5022,469,203,1
5023,469,213,1
5024,469,238,1
5025,469,246,1
5026,469,267,1
5027,469,269,1
5028,469,315,1
5029,469,365,1
5030,470,106,1
5031,470,109,1
5032,470,161,1
5033,470,198,1
5034,470,270,1
5035,470,300,1
5036,470,302,1
5037,470,304,1
5038,470,400,1
5039,471,74,1
5040,471,105,1
5041,471,107,1
5042,471,111,1
5043,471,130,1
5044,471,159,1
5045,471,185,1
5046,471,198,1
5047,471,202,1
5048,471,213,1
5049,471,218,1
5050,471,231,1
5051,471,234,1
5052,471,266,1
5053,471,282,1
5054,471,296,1
5055,471,361,1
5056,472,73,1
5057,472,81,1
5058,472,109,1
5059,472,110,1
5060,472,119,1
5061,472,132,1
5062,472,150,1
5063,472,170,1
5064,472,214,1
5065,472,216,1
5066,472,224,1
5067,472,260,1
5068,472,288,1
5069,472,289,1
5070,473,85,1
5071,473,104,1
5072,473,155,1
5073,473,161,1
5074,473,169,1
5075,473,171,1
5076,473,195,1
5077,473,206,1
5078,473,207,1
5079,473,215,1
5080,473,226,1
5081,473,248,1
5082,473,261,1
5083,473,278,1
5084,473,294,1
5085,473,360,1
5086,474,82,1
5087,474,152,1
5088,474,156,1
5089,474,162,1
5090,474,171,1
5091,474,184,1
5092,474,193,1
5093,474,220,1
5094,474,223,1
5095,474,239,1
5096,474,255,1
5097,474,329,1
5098,474,361,1
5099,474,367,1
5100,475,74,1
5101,475,76,1
5102,475,82,1
5103,475,92,1
5104,475,109,1
5105,475,113,1
5106,475,156,1
5107,475,173,1
5108,475,186,1
5109,475,217,1
5110,475,229,1
5111,475,256,1
5112,475,336,1
5113,475,359,1
5114,475,363,1
5115,475,395,1
5116,476,74,1
5117,476,81,1
5118,476,92,1
5119,476,115,1
5120,476,130,1
5121,476,131,1
5122,476,150,1
5123,476,160,1
5124,476,170,1
5125,476,186,1
5126,476,189,1
5127,476,190,1
5128,476,196,1
5129,476,254,1
5130,476,256,1
5131,476,276,1
5132,476,279,1
5133,476,286,1
5134,476,289,1
5135,476,321,1
5136,476,329,1
5137,476,355,1
5138,476,369,1
5139,476,378,1
5140,477,85,1
5141,477,124,1
5142,477,127,1
5143,477,161,1
5144,477,170,1
5145,477,171,1
5146,477,173,1
5147,477,179,1
5148,477,185,1
5149,477,194,1
5150,477,195,1
5151,477,200,1
5152,477,203,1
5153,477,235,1
5154,477,260,1
5155,477,280,1
5156,477,286,1
5157,477,287,1
5158,477,291,1
5159,477,417,1
5160,477,418,1
5161,478,73,1
5162,478,74,1
5163,478,75,1
5164,478,109,1
5165,478,110,1
5166,478,135,1
5167,478,142,1
5168,478,144,1
5169,478,145,1
5170,478,146,1
5171,478,153,1
5172,478,165,1
5173,478,168,1
5174,478,178,1
5175,478,179,1
5176,478,185,1
5177,478,186,1
5178,478,188,1
5179,478,191,1
5180,478,224,1
5181,478,246,1
5182,478,273,1
5183,478,281,1
5184,478,283,1
5185,478,343,1
5186,478,355,1
5187,478,368,1
5188,479,72,1
5189,479,74,1
5190,479,113,1
5191,479,128,1
5192,479,164,1
5193,479,170,1
5194,479,207,1
5195,479,210,1
5196,479,219,1
5197,479,228,1
5198,479,244,1
5199,479,256,1
5200,479,266,1
5201,479,273,1
5202,479,281,1
5203,479,337,1
5204,479,349,1
5205,480,124,1
5206,480,126,1
5207,480,128,1
5208,480,130,1
5209,480,146,1
5210,480,171,1
5211,480,175,1
5212,480,178,1
5213,480,184,1
5214,480,188,1
5215,480,189,1
5216,480,193,1
5217,480,194,1
5218,480,197,1
5219,480,208,1
5220,480,222,1
5221,480,226,1
5222,480,235,1
5223,480,248,1
5224,480,334,1
5225,480,350,1
5226,480,360,1
5227,480,382,1
5228,480,385,1
5229,480,394,1
5230,480,418,1
5231,481,80,1
5232,481,117,1
5233,481,118,1
5234,481,131,1
5235,481,136,1
5236,481,137,1
5237,481,148,1
5238,481,166,1
5239,481,173,1
5240,481,180,1
5241,481,205,1
5242,481,206,1
5243,481,239,1
5244,481,260,1
5245,481,273,1
5246,481,282,1
5247,481,344,1
5248,481,350,1
5249,481,355,1
5250,481,397,1
5251,482,82,1
5252,482,102,1
5253,482,103,1
5254,482,120,1
5255,482,139,1
5256,482,167,1
5257,482,174,1
5258,482,201,1
5259,482,203,1
5260,482,245,1
5261,482,250,1
5262,482,251,1
5263,482,252,1
5264,482,265,1
5265,482,316,1
5266,482,349,1
5267,482,393,1
5268,482,394,1
5269,483,103,1
5270,483,108,1
5271,483,119,1
5272,483,129,1
5273,483,139,1
5274,483,153,1
5275,483,154,1
5276,483,162,1
5277,483,172,1
5278,483,175,1
5279,483,204,1
5280,483,211,1
5281,483,229,1
5282,483,234,1
5283,483,246,1
5284,483,247,1
5285,483,252,1
5286,483,271,1
5287,483,277,1
5288,483,316,1
5289,483,317,1
5290,483,326,1
5291,483,340,1
5292,483,353,1
5293,483,354,1
5294,484,72,1
5295,484,141,1
5296,484,143,1
5297,484,157,1
5298,484,172,1
5299,484,249,1
5300,484,253,1
5301,484,255,1
5302,484,270,1
5303,484,317,1
5304,484,331,1
5305,484,352,1
5306,484,387,1
5307,484,392,1
5308,484,410,1
5309,485,134,1
5310,485,145,1
5311,485,156,1
5312,485,224,1
5313,485,225,1
5314,485,229,1
5315,485,238,1
5316,485,252,1
5317,485,257,1
5318,485,264,1
5319,485,332,1
5320,485,340,1
5321,485,376,1
5322,485,404,1
5323,486,147,1
5324,486,148,1
5325,486,149,1
5326,486,165,1
5327,486,228,1
5328,486,229,1
5329,486,233,1
5330,486,239,1
5331,486,240,1
5332,486,244,1
5333,486,264,1
5334,486,267,1
5335,486,341,1
5336,486,354,1
5337,486,356,1
5338,486,373,1
5339,486,380,1
5340,486,401,1
5341,486,411,1
5342,486,412,1
5343,486,415,1
5344,487,91,1
5345,487,146,1
5346,487,233,1
5347,487,236,1
5348,487,247,1
5349,487,250,1
5350,487,261,1
5351,487,266,1
5352,487,269,1
5353,487,276,1
5354,487,332,1
5355,487,336,1
5356,487,351,1
5357,487,353,1
5358,487,362,1
5359,487,378,1
5360,487,397,1
5361,488,140,1
5362,488,141,1
5363,488,157,1
5364,488,234,1
5365,488,248,1
5366,488,265,1
5367,488,268,1
5368,488,274,1
5369,488,343,1
5370,488,391,1
5371,488,400,1
5372,489,110,1
5373,489,126,1
5374,489,254,1
5375,489,259,1
5376,489,273,1
5377,489,332,1
5378,489,347,1
5379,489,349,1
5380,489,410,1
5381,490,131,1
5382,490,242,1
5383,490,244,1
5384,490,258,1
5385,490,280,1
5386,490,293,1
5387,490,328,1
5388,490,334,1
5389,490,345,1
5390,490,354,1
