,x,y,area
0,406,164,1
1,406,165,1
2,406,166,1
3,406,167,1
4,406,168,1
5,406,169,1
6,406,170,1
7,406,171,1
8,406,172,1
9,406,173,1
10,406,174,1
11,406,175,1
12,406,176,1
13,406,177,1
14,406,178,1
15,406,179,1
16,407,164,1
17,407,165,1
18,407,166,1
19,407,167,1
20,407,168,1
21,407,169,1
22,407,170,1
23,407,171,1
24,407,172,1
25,407,173,1
26,407,174,1
27,407,175,1
28,407,176,1
29,407,177,1
30,407,178,1
31,407,179,1
32,408,164,1
33,408,165,1
34,408,166,1
35,408,167,1
36,408,168,1
37,408,169,1
38,408,170,1
39,408,171,1
40,408,172,1
41,408,173,1
42,408,174,1
43,408,175,1
44,408,176,1
45,408,177,1
46,408,178,1
47,408,179,1
48,409,164,1
49,409,165,1
50,409,166,1
51,409,167,1
52,409,168,1
53,409,169,1
54,409,170,1
55,409,171,1
56,409,172,1
57,409,173,1
58,409,174,1
59,409,175,1
60,409,176,1
61,409,177,1
62,409,178,1
63,409,179,1
64,410,164,1
65,410,165,1
66,410,166,1
67,410,167,1
68,410,168,1
69,410,169,1
70,410,170,1
71,410,171,1
72,410,172,1
73,410,173,1
74,410,174,1
75,410,175,1
76,410,176,1
77,410,177,1
78,410,178,1
79,410,179,1
80,411,164,1
81,411,165,1
82,411,166,1
83,411,167,1
84,411,168,1
85,411,169,1
86,411,170,1
87,411,171,1
88,411,172,1
89,411,173,1
90,411,174,1
91,411,175,1
92,411,176,1
93,411,177,1
94,411,178,1
95,411,179,1
96,412,164,1
97,412,165,1
98,412,166,1
99,412,167,1
100,412,168,1
101,412,169,1
102,412,170,1
103,412,171,1
104,412,172,1
105,412,173,1
106,412,174,1
107,412,175,1
108,412,176,1
109,412,177,1
110,412,178,1
111,412,179,1
112,413,164,1
113,413,165,1
114,413,166,1
115,413,167,1
116,413,168,1
117,413,169,1
118,413,170,1
119,413,171,1
120,413,172,1
121,413,173,1
122,413,174,1
123,413,175,1
124,413,176,1
125,413,177,1
126,413,178,1
127,413,179,1
128,414,164,1
129,414,165,1
130,414,166,1
131,414,167,1
132,414,168,1
133,414,169,1
134,414,170,1
135,414,171,1
136,414,172,1
137,414,173,1
138,414,174,1
139,414,175,1
140,414,176,1
141,414,177,1
142,414,178,1
143,414,179,1
144,415,164,1
145,415,165,1
146,415,166,1
147,415,167,1
148,415,168,1
149,415,169,1
150,415,170,1
151,415,171,1
152,415,172,1
153,415,173,1
154,415,174,1
155,415,175,1
156,415,176,1
157,415,177,1
158,415,178,1
159,415,179,1
160,416,164,1
161,416,165,1
162,416,166,1
163,416,167,1
164,416,168,1
165,416,169,1
166,416,170,1
167,416,171,1
168,416,172,1
169,416,173,1
170,416,174,1
171,416,175,1
172,416,176,1
173,416,177,1
174,416,178,1
175,416,179,1
176,417,164,1
177,417,165,1
178,417,166,1
179,417,167,1
180,417,168,1
181,417,169,1
182,417,170,1
183,417,171,1
184,417,172,1
185,417,173,1
186,417,174,1
187,417,175,1
188,417,176,1
189,417,177,1
190,417,178,1
191,417,179,1
192,418,164,1
193,418,165,1
194,418,166,1
195,418,167,1
196,418,168,1
197,418,169,1
198,418,170,1
199,418,171,1
200,418,172,1
201,418,173,1
202,418,174,1
203,418,175,1
204,418,176,1
205,418,177,1
206,418,178,1
207,418,179,1
208,419,164,1
209,419,165,1
210,419,166,1
211,419,167,1
212,419,168,1
213,419,169,1
214,419,170,1
215,419,171,1
216,419,172,1
217,419,173,1
218,419,174,1
219,419,175,1
220,419,176,1
221,419,177,1
222,419,178,1
223,419,179,1
224,420,164,1
225,420,165,1
226,420,166,1
227,420,167,1
228,420,168,1
229,420,169,1
230,420,170,1
231,420,171,1
232,420,172,1
233,420,173,1
234,420,174,1
235,420,175,1
236,420,176,1
237,420,177,1
238,420,178,1
239,420,179,1
240,421,164,1
241,421,165,1
242,421,166,1
243,421,167,1
244,421,168,1
245,421,169,1
246,421,170,1
247,421,171,1
248,421,172,1
249,421,173,1
250,421,174,1
251,421,175,1
252,421,176,1
253,421,177,1
254,421,178,1
255,421,179,1
256,422,164,1
257,422,165,1
258,422,166,1
259,422,167,1
260,422,168,1
261,422,169,1
262,422,170,1
263,422,171,1
264,422,172,1
265,422,173,1
266,422,174,1
267,422,175,1
268,422,176,1
269,422,177,1
270,422,178,1
271,422,179,1
272,423,164,1
273,423,165,1
274,423,166,1
275,423,167,1
276,423,168,1
277,423,169,1
278,423,170,1
279,423,171,1
280,423,172,1
281,423,173,1
282,423,174,1
283,423,175,1
284,423,176,1
285,423,177,1
286,423,178,1
287,423,179,1
288,424,164,1
289,424,165,1
290,424,166,1
291,424,167,1
292,424,168,1
293,424,169,1
294,424,170,1
295,424,171,1
296,424,172,1
297,424,173,1
298,424,174,1
299,424,175,1
300,424,176,1
301,424,177,1
302,424,178,1
303,424,179,1
304,425,164,1
305,425,165,1
306,425,166,1
307,425,167,1
308,425,168,1
309,425,169,1
310,425,170,1
311,425,171,1
312,425,172,1
313,425,173,1
314,425,174,1
315,425,175,1
316,425,176,1
317,425,177,1
318,425,178,1
319,425,179,1
320,426,164,1
321,426,165,1
322,426,166,1
323,426,167,1
324,426,168,1
325,426,169,1
326,426,170,1
327,426,171,1
328,426,172,1
329,426,173,1
330,426,174,1
331,426,175,1
332,426,176,1
333,426,177,1
334,426,178,1
335,426,179,1
336,427,164,1
337,427,165,1
338,427,166,1
339,427,167,1
340,427,168,1
341,427,169,1
342,427,170,1
343,427,171,1
344,427,172,1
345,427,173,1
346,427,174,1
347,427,175,1
348,427,176,1
349,427,177,1
350,427,178,1
351,427,179,1
352,428,164,1
353,428,165,1
354,428,166,1
355,428,167,1
356,428,168,1
357,428,169,1
358,428,170,1
359,428,171,1
360,428,172,1
361,428,173,1
362,428,174,1
363,428,175,1
364,428,176,1
365,428,177,1
366,428,178,1
367,428,179,1
368,429,164,1
369,429,165,1
370,429,166,1
371,429,167,1
372,429,168,1
373,429,169,1
374,429,170,1
375,429,171,1
376,429,172,1
377,429,173,1
378,429,174,1
379,429,175,1
380,429,176,1
381,429,177,1
382,429,178,1
383,429,179,1
384,430,164,1
385,430,165,1
386,430,166,1
387,430,167,1
388,430,168,1
389,430,169,1
390,430,170,1
391,430,171,1
392,430,172,1
393,430,173,1
394,430,174,1
395,430,175,1
396,430,176,1
397,430,177,1
398,430,178,1
399,430,179,1
400,431,164,1
401,431,165,1
402,431,166,1
403,431,167,1
404,431,168,1
405,431,169,1
406,431,170,1
407,431,171,1
408,431,172,1
409,431,173,1
410,431,174,1
411,431,175,1
412,431,176,1
413,431,177,1
414,431,178,1
415,431,179,1
416,432,164,1
417,432,165,1
418,432,166,1
419,432,167,1
420,432,168,1
421,432,169,1
422,432,170,1
423,432,171,1
424,432,172,1
425,432,173,1
426,432,174,1
427,432,175,1
428,432,176,1
429,432,177,1
430,432,178,1
431,432,179,1
432,433,164,1
433,433,165,1
434,433,166,1
435,433,167,1
436,433,168,1
437,433,169,1
438,433,170,1
439,433,171,1
440,433,172,1
441,433,173,1
442,433,174,1
443,433,175,1
444,433,176,1
445,433,177,1
446,433,178,1
447,433,179,1
448,434,164,1
449,434,165,1
450,434,166,1
451,434,167,1
452,434,168,1
453,434,169,1
454,434,170,1
455,434,171,1
456,434,172,1
457,434,173,1
458,434,174,1
459,434,175,1
460,434,176,1
461,434,177,1
462,434,178,1
463,434,179,1
464,435,164,1
465,435,165,1
466,435,166,1
467,435,167,1
468,435,168,1
469,435,169,1
470,435,170,1
471,435,171,1
472,435,172,1
473,435,173,1
474,435,174,1
475,435,175,1
476,435,176,1
477,435,177,1
478,435,178,1
479,435,179,1
480,436,164,1
481,436,165,1
482,436,166,1
483,436,167,1
484,436,168,1
485,436,169,1
486,436,170,1
487,436,171,1
488,436,172,1
489,436,173,1
490,436,174,1
491,436,175,1
492,436,176,1
493,436,177,1
494,436,178,1
495,436,179,1
496,437,164,1
497,437,165,1
498,437,166,1
499,437,167,1
500,437,168,1
501,437,169,1
502,437,170,1
503,437,171,1
504,437,172,1
505,437,173,1
506,437,174,1
507,437,175,1
508,437,176,1
509,437,177,1
510,437,178,1
511,437,179,1
512,438,164,1
513,438,165,1
514,438,166,1
515,438,167,1
516,438,168,1
517,438,169,1
518,438,170,1
519,438,171,1
520,438,172,1
521,438,173,1
522,438,174,1
523,438,175,1
524,438,176,1
525,438,177,1
526,438,178,1
527,438,179,1
528,439,164,1
529,439,165,1
530,439,166,1
531,439,167,1
532,439,168,1
533,439,169,1
534,439,170,1
535,439,171,1
536,439,172,1
537,439,173,1
538,439,174,1
539,439,175,1
540,439,176,1
541,439,177,1
542,439,178,1
543,439,179,1
544,440,164,1
545,440,165,1
546,440,166,1
547,440,167,1
548,440,168,1
549,440,169,1
550,440,170,1
551,440,171,1
552,440,172,1
553,440,173,1
554,440,174,1
555,440,175,1
556,440,176,1
557,440,177,1
558,440,178,1
559,440,179,1
560,441,164,1
561,441,165,1
562,441,166,1
563,441,167,1
564,441,168,1
565,441,169,1
566,441,170,1
567,441,171,1
568,441,172,1
569,441,173,1
570,441,174,1
571,441,175,1
572,441,176,1
573,441,177,1
574,441,178,1
575,441,179,1
576,442,164,1
577,442,165,1
578,442,166,1
579,442,167,1
580,442,168,1
581,442,169,1
582,442,170,1
583,442,171,1
584,442,172,1
585,442,173,1
586,442,174,1
587,442,175,1
588,442,176,1
589,442,177,1
590,442,178,1
591,442,179,1
592,443,164,1
593,443,165,1
594,443,166,1
595,443,167,1
596,443,168,1
597,443,169,1
598,443,170,1
599,443,171,1
600,443,172,1
601,443,173,1
602,443,174,1
603,443,175,1
604,443,176,1
605,443,177,1
606,443,178,1
607,443,179,1
608,444,164,1
609,444,165,1
610,444,166,1
611,444,167,1
612,444,168,1
613,444,169,1
614,444,170,1
615,444,171,1
616,444,172,1
617,444,173,1
618,444,174,1
619,444,175,1
620,444,176,1
621,444,177,1
622,444,178,1
623,444,179,1
624,409,180,1
625,409,181,1
626,409,182,1
627,409,183,1
628,409,184,1
629,410,180,1
630,410,181,1
631,410,182,1
632,410,183,1
633,410,184,1
634,411,180,1
635,411,181,1
636,411,182,1
637,411,183,1
638,411,184,1
639,412,180,1
640,412,181,1
641,412,182,1
642,412,183,1
643,412,184,1
644,413,180,1
645,413,181,1
646,413,182,1
647,413,183,1
648,413,184,1
649,414,180,1
650,414,181,1
651,414,182,1
652,414,183,1
653,414,184,1
654,415,180,1
655,415,181,1
656,415,182,1
657,415,183,1
658,415,184,1
659,416,180,1
660,416,181,1
661,416,182,1
662,416,183,1
663,416,184,1
664,417,180,1
665,417,181,1
666,417,182,1
667,417,183,1
668,417,184,1
669,438,237,1
670,438,238,1
671,438,239,1
672,438,240,1
673,438,241,1
674,438,242,1
675,438,243,1
676,438,244,1
677,438,245,1
678,438,246,1
679,438,247,1
680,438,248,1
681,438,249,1
682,439,237,1
683,439,238,1
684,439,239,1
685,439,240,1
686,439,241,1
687,439,242,1
688,439,243,1
689,439,244,1
690,439,245,1
691,439,246,1
692,439,247,1
693,439,248,1
694,439,249,1
695,440,237,1
696,440,238,1
697,440,239,1
698,440,240,1
699,440,241,1
700,440,242,1
701,440,243,1
702,440,244,1
703,440,245,1
704,440,246,1
705,440,247,1
706,440,248,1
707,440,249,1
708,441,237,1
709,441,238,1
710,441,239,1
711,441,240,1
712,441,241,1
713,441,242,1
714,441,243,1
715,441,244,1
716,441,245,1
717,441,246,1
718,441,247,1
719,441,248,1
720,441,249,1
721,442,237,1
722,442,238,1
723,442,239,1
724,442,240,1
725,442,241,1
726,442,242,1
727,442,243,1
728,442,244,1
729,442,245,1
730,442,246,1
731,442,247,1
732,442,248,1
733,442,249,1
734,443,237,1
735,443,238,1
736,443,239,1
737,443,240,1
738,443,241,1
739,443,242,1
740,443,243,1
741,443,244,1
742,443,245,1
743,443,246,1
744,443,247,1
745,443,248,1
746,443,249,1
747,444,237,1
748,444,238,1
749,444,239,1
750,444,240,1
751,444,241,1
752,444,242,1
753,444,243,1
754,444,244,1
755,444,245,1
756,444,246,1
757,444,247,1
758,444,248,1
759,444,249,1
760,445,237,1
761,445,238,1
762,445,239,1
763,445,240,1
764,445,241,1
765,445,242,1
766,445,243,1
767,445,244,1
768,445,245,1
769,445,246,1
770,445,247,1
771,445,248,1
772,445,249,1
773,446,237,1
774,446,238,1
775,446,239,1
776,446,240,1
777,446,241,1
778,446,242,1
779,446,243,1
780,446,244,1
781,446,245,1
782,446,246,1
783,446,247,1
784,446,248,1
785,446,249,1
786,447,237,1
787,447,238,1
788,447,239,1
789,447,240,1
790,447,241,1
791,447,242,1
792,447,243,1
793,447,244,1
794,447,245,1
795,447,246,1
796,447,247,1
797,447,248,1
798,447,249,1
799,448,237,1
800,448,238,1
801,448,239,1
802,448,240,1
803,448,241,1
804,448,242,1
805,448,243,1
806,448,244,1
807,448,245,1
808,448,246,1
809,448,247,1
810,448,248,1
811,448,249,1
812,449,237,1
813,449,238,1
814,449,239,1
815,449,240,1
816,449,241,1
817,449,242,1
818,449,243,1
819,449,244,1
820,449,245,1
821,449,246,1
822,449,247,1
823,449,248,1
824,449,249,1
825,450,237,1
826,450,238,1
827,450,239,1
828,450,240,1
829,450,241,1
830,450,242,1
831,450,243,1
832,450,244,1
833,450,245,1
834,450,246,1
835,450,247,1
836,450,248,1
837,450,249,1
838,451,237,1
839,451,238,1
840,451,239,1
841,451,240,1
842,451,241,1
843,451,242,1
844,451,243,1
845,451,244,1
846,451,245,1
847,451,246,1
848,451,247,1
849,451,248,1
850,451,249,1
851,452,237,1
852,452,238,1
853,452,239,1
854,452,240,1
855,452,241,1
856,452,242,1
857,452,243,1
858,452,244,1
859,452,245,1
860,452,246,1
861,452,247,1
862,452,248,1
863,452,249,1
864,453,237,1
865,453,238,1
866,453,239,1
867,453,240,1
868,453,241,1
869,453,242,1
870,453,243,1
871,453,244,1
872,453,245,1
873,453,246,1
874,453,247,1
875,453,248,1
876,453,249,1
877,454,237,1
878,454,238,1
879,454,239,1
880,454,240,1
881,454,241,1
882,454,242,1
883,454,243,1
884,454,244,1
885,454,245,1
886,454,246,1
887,454,247,1
888,454,248,1
889,454,249,1
890,455,237,1
891,455,238,1
892,455,239,1
893,455,240,1
894,455,241,1
895,455,242,1
896,455,243,1
897,455,244,1
898,455,245,1
899,455,246,1
900,455,247,1
901,455,248,1
902,455,249,1
903,456,237,1
904,456,238,1
905,456,239,1
906,456,240,1
907,456,241,1
908,456,242,1
909,456,243,1
910,456,244,1
911,456,245,1
912,456,246,1
913,456,247,1
914,456,248,1
915,456,249,1
916,457,237,1
917,457,238,1
918,457,239,1
919,457,240,1
920,457,241,1
921,457,242,1
922,457,243,1
923,457,244,1
924,457,245,1
925,457,246,1
926,457,247,1
927,457,248,1
928,457,249,1
929,458,237,1
930,458,238,1
931,458,239,1
932,458,240,1
933,458,241,1
934,458,242,1
935,458,243,1
936,458,244,1
937,458,245,1
938,458,246,1
939,458,247,1
940,458,248,1
941,458,249,1
942,459,237,1
943,459,238,1
944,459,239,1
945,459,240,1
946,459,241,1
947,459,242,1
948,459,243,1
949,459,244,1
950,459,245,1
951,459,246,1
952,459,247,1
953,459,248,1
954,459,249,1
955,460,237,1
956,460,238,1
957,460,239,1
958,460,240,1
959,460,241,1
960,460,242,1
961,460,243,1
962,460,244,1
963,460,245,1
964,460,246,1
965,460,247,1
966,460,248,1
967,460,249,1
968,461,237,1
969,461,238,1
970,461,239,1
971,461,240,1
972,461,241,1
973,461,242,1
974,461,243,1
975,461,244,1
976,461,245,1
977,461,246,1
978,461,247,1
979,461,248,1
980,461,249,1
981,462,237,1
982,462,238,1
983,462,239,1
984,462,240,1
985,462,241,1
986,462,242,1
987,462,243,1
988,462,244,1
989,462,245,1
990,462,246,1
991,462,247,1
992,462,248,1
993,462,249,1
994,463,237,1
995,463,238,1
996,463,239,1
997,463,240,1
998,463,241,1
999,463,242,1
1000,463,243,1
1001,463,244,1
1002,463,245,1
1003,463,246,1
1004,463,247,1
1005,463,248,1
1006,463,249,1
1007,464,237,1
1008,464,238,1
1009,464,239,1
1010,464,240,1
1011,464,241,1
1012,464,242,1
1013,464,243,1
1014,464,244,1
1015,464,245,1
1016,464,246,1
1017,464,247,1
1018,464,248,1
1019,464,249,1
1020,294,197,1
1021,294,198,1
1022,294,199,1
1023,294,200,1
1024,294,201,1
1025,294,202,1
1026,294,203,1
1027,294,204,1
1028,294,205,1
1029,295,197,1
1030,295,198,1
1031,295,199,1
1032,295,200,1
1033,295,201,1
1034,295,202,1
1035,295,203,1
1036,295,204,1
1037,295,205,1
1038,296,197,1
1039,296,198,1
1040,296,199,1
1041,296,200,1
1042,296,201,1
1043,296,202,1
1044,296,203,1
1045,296,204,1
1046,296,205,1
1047,297,197,1
1048,297,198,1
1049,297,199,1
1050,297,200,1
1051,297,201,1
1052,297,202,1
1053,297,203,1
1054,297,204,1
1055,297,205,1
1056,298,197,1
1057,298,198,1
1058,298,199,1
1059,298,200,1
1060,298,201,1
1061,298,202,1
1062,298,203,1
1063,298,204,1
1064,298,205,1
1065,299,197,1
1066,299,198,1
1067,299,199,1
1068,299,200,1
1069,299,201,1
1070,299,202,1
1071,299,203,1
1072,299,204,1
1073,299,205,1
1074,300,197,1
1075,300,198,1
1076,300,199,1
1077,300,200,1
1078,300,201,1
1079,300,202,1
1080,300,203,1
1081,300,204,1
1082,300,205,1
1083,301,197,1
1084,301,198,1
1085,301,199,1
1086,301,200,1
1087,301,201,1
1088,301,202,1
1089,301,203,1
1090,301,204,1
1091,301,205,1
1092,302,197,1
1093,302,198,1
1094,302,199,1
1095,302,200,1
1096,302,201,1
1097,302,202,1
1098,302,203,1
1099,302,204,1
1100,302,205,1
1101,303,197,1
1102,303,198,1
1103,303,199,1
1104,303,200,1
1105,303,201,1
1106,303,202,1
1107,303,203,1
1108,303,204,1
1109,303,205,1
1110,304,197,1
1111,304,198,1
1112,304,199,1
1113,304,200,1
1114,304,201,1
1115,304,202,1
1116,304,203,1
1117,304,204,1
1118,304,205,1
1119,305,197,1
1120,305,198,1
1121,305,199,1
1122,305,200,1
1123,305,201,1
1124,305,202,1
1125,305,203,1
1126,305,204,1
1127,305,205,1
1128,306,197,1
1129,306,198,1
1130,306,199,1
1131,306,200,1
1132,306,201,1
1133,306,202,1
1134,306,203,1
1135,306,204,1
1136,306,205,1
1137,343,265,1
1138,343,266,1
1139,343,267,1
1140,343,268,1
1141,343,269,1
1142,343,270,1
1143,343,271,1
1144,343,272,1
1145,343,273,1
1146,343,274,1
1147,343,275,1
1148,343,276,1
1149,343,277,1
1150,343,278,1
1151,343,279,1
1152,343,280,1
1153,343,281,1
1154,343,282,1
1155,344,265,1
1156,344,266,1
1157,344,267,1
1158,344,268,1
1159,344,269,1
1160,344,270,1
1161,344,271,1
1162,344,272,1
1163,344,273,1
1164,344,274,1
1165,344,275,1
1166,344,276,1
1167,344,277,1
1168,344,278,1
1169,344,279,1
1170,344,280,1
1171,344,281,1
1172,344,282,1
1173,345,265,1
1174,345,266,1
1175,345,267,1
1176,345,268,1
1177,345,269,1
1178,345,270,1
1179,345,271,1
1180,345,272,1
1181,345,273,1
1182,345,274,1
1183,345,275,1
1184,345,276,1
1185,345,277,1
1186,345,278,1
1187,345,279,1
1188,345,280,1
1189,345,281,1
1190,345,282,1
1191,346,265,1
1192,346,266,1
1193,346,267,1
1194,346,268,1
1195,346,269,1
1196,346,270,1
1197,346,271,1
1198,346,272,1
1199,346,273,1
1200,346,274,1
1201,346,275,1
1202,346,276,1
1203,346,277,1
1204,346,278,1
1205,346,279,1
1206,346,280,1
1207,346,281,1
1208,346,282,1
1209,347,265,1
1210,347,266,1
1211,347,267,1
1212,347,268,1
1213,347,269,1
1214,347,270,1
1215,347,271,1
1216,347,272,1
1217,347,273,1
1218,347,274,1
1219,347,275,1
1220,347,276,1
1221,347,277,1
1222,347,278,1
1223,347,279,1
1224,347,280,1
1225,347,281,1
1226,347,282,1
1227,348,265,1
1228,348,266,1
1229,348,267,1
1230,348,268,1
1231,348,269,1
1232,348,270,1
1233,348,271,1
1234,348,272,1
1235,348,273,1
1236,348,274,1
1237,348,275,1
1238,348,276,1
1239,348,277,1
1240,348,278,1
1241,348,279,1
1242,348,280,1
1243,348,281,1
1244,348,282,1
1245,349,265,1
1246,349,266,1
1247,349,267,1
1248,349,268,1
1249,349,269,1
1250,349,270,1
1251,349,271,1
1252,349,272,1
1253,349,273,1
1254,349,274,1
1255,349,275,1
1256,349,276,1
1257,349,277,1
1258,349,278,1
1259,349,279,1
1260,349,280,1
1261,349,281,1
1262,349,282,1
1263,350,265,1
1264,350,266,1
1265,350,267,1
1266,350,268,1
1267,350,269,1
1268,350,270,1
1269,350,271,1
1270,350,272,1
1271,350,273,1
1272,350,274,1
1273,350,275,1
1274,350,276,1
1275,350,277,1
1276,350,278,1
1277,350,279,1
1278,350,280,1
1279,350,281,1
1280,350,282,1
1281,351,265,1
1282,351,266,1
1283,351,267,1
1284,351,268,1
1285,351,269,1
1286,351,270,1
1287,351,271,1
1288,351,272,1
1289,351,273,1
1290,351,274,1
1291,351,275,1
1292,351,276,1
1293,351,277,1
1294,351,278,1
1295,351,279,1
1296,351,280,1
1297,351,281,1
1298,351,282,1
1299,352,265,1
1300,352,266,1
1301,352,267,1
1302,352,268,1
1303,352,269,1
1304,352,270,1
1305,352,271,1
1306,352,272,1
1307,352,273,1
1308,352,274,1
1309,352,275,1
1310,352,276,1
1311,352,277,1
1312,352,278,1
1313,352,279,1
1314,352,280,1
1315,352,281,1
1316,352,282,1
1317,353,265,1
1318,353,266,1
1319,353,267,1
1320,353,268,1
1321,353,269,1
1322,353,270,1
1323,353,271,1
1324,353,272,1
1325,353,273,1
1326,353,274,1
1327,353,275,1
1328,353,276,1
1329,353,277,1
1330,353,278,1
1331,353,279,1
1332,353,280,1
1333,353,281,1
1334,353,282,1
1335,354,265,1
1336,354,266,1
1337,354,267,1
1338,354,268,1
1339,354,269,1
1340,354,270,1
1341,354,271,1
1342,354,272,1
1343,354,273,1
1344,354,274,1
1345,354,275,1
1346,354,276,1
1347,354,277,1
1348,354,278,1
1349,354,279,1
1350,354,280,1
1351,354,281,1
1352,354,282,1
1353,355,265,1
1354,355,266,1
1355,355,267,1
1356,355,268,1
1357,355,269,1
1358,355,270,1
1359,355,271,1
1360,355,272,1
1361,355,273,1
1362,355,274,1
1363,355,275,1
1364,355,276,1
1365,355,277,1
1366,355,278,1
1367,355,279,1
1368,355,280,1
1369,355,281,1
1370,355,282,1
1371,356,265,1
1372,356,266,1
1373,356,267,1
1374,356,268,1
1375,356,269,1
1376,356,270,1
1377,356,271,1
1378,356,272,1
1379,356,273,1
1380,356,274,1
1381,356,275,1
1382,356,276,1
1383,356,277,1
1384,356,278,1
1385,356,279,1
1386,356,280,1
1387,356,281,1
1388,356,282,1
1389,357,265,1
1390,357,266,1
1391,357,267,1
1392,357,268,1
1393,357,269,1
1394,357,270,1
1395,357,271,1
1396,357,272,1
1397,357,273,1
1398,357,274,1
1399,357,275,1
1400,357,276,1
1401,357,277,1
1402,357,278,1
1403,357,279,1
1404,357,280,1
1405,357,281,1
1406,357,282,1
1407,358,265,1
1408,358,266,1
1409,358,267,1
1410,358,268,1
1411,358,269,1
1412,358,270,1
1413,358,271,1
1414,358,272,1
1415,358,273,1
1416,358,274,1
1417,358,275,1
1418,358,276,1
1419,358,277,1
1420,358,278,1
1421,358,279,1
1422,358,280,1
1423,358,281,1
1424,358,282,1
1425,359,265,1
1426,359,266,1
1427,359,267,1
1428,359,268,1
1429,359,269,1
1430,359,270,1
1431,359,271,1
1432,359,272,1
1433,359,273,1
1434,359,274,1
1435,359,275,1
1436,359,276,1
1437,359,277,1
1438,359,278,1
1439,359,279,1
1440,359,280,1
1441,359,281,1
1442,359,282,1
1443,360,265,1
1444,360,266,1
1445,360,267,1
1446,360,268,1
1447,360,269,1
1448,360,270,1
1449,360,271,1
1450,360,272,1
1451,360,273,1
1452,360,274,1
1453,360,275,1
1454,360,276,1
1455,360,277,1
1456,360,278,1
1457,360,279,1
1458,360,280,1
1459,360,281,1
1460,360,282,1
1461,361,265,1
1462,361,266,1
1463,361,267,1
1464,361,268,1
1465,361,269,1
1466,361,270,1
1467,361,271,1
1468,361,272,1
1469,361,273,1
1470,361,274,1
1471,361,275,1
1472,361,276,1
1473,361,277,1
1474,361,278,1
1475,361,279,1
1476,361,280,1
1477,361,281,1
1478,361,282,1
1479,362,265,1
1480,362,266,1
1481,362,267,1
1482,362,268,1
1483,362,269,1
1484,362,270,1
1485,362,271,1
1486,362,272,1
1487,362,273,1
1488,362,274,1
1489,362,275,1
1490,362,276,1
1491,362,277,1
1492,362,278,1
1493,362,279,1
1494,362,280,1
1495,362,281,1
1496,362,282,1
1497,341,284,1
1498,341,285,1
1499,341,286,1
1500,341,287,1
1501,341,288,1
1502,341,289,1
1503,341,290,1
1504,341,291,1
1505,341,292,1
1506,341,293,1
1507,342,284,1
1508,342,285,1
1509,342,286,1
1510,342,287,1
1511,342,288,1
1512,342,289,1
1513,342,290,1
1514,342,291,1
1515,342,292,1
1516,342,293,1
1517,343,284,1
1518,343,285,1
1519,343,286,1
1520,343,287,1
1521,343,288,1
1522,343,289,1
1523,343,290,1
1524,343,291,1
1525,343,292,1
1526,343,293,1
1527,344,284,1
1528,344,285,1
1529,344,286,1
1530,344,287,1
1531,344,288,1
1532,344,289,1
1533,344,290,1
1534,344,291,1
1535,344,292,1
1536,344,293,1
1537,345,284,1
1538,345,285,1
1539,345,286,1
1540,345,287,1
1541,345,288,1
1542,345,289,1
1543,345,290,1
1544,345,291,1
1545,345,292,1
1546,345,293,1
1547,346,284,1
1548,346,285,1
1549,346,286,1
1550,346,287,1
1551,346,288,1
1552,346,289,1
1553,346,290,1
1554,346,291,1
1555,346,292,1
1556,346,293,1
1557,324,284,1
1558,324,285,1
1559,324,286,1
1560,324,287,1
1561,324,288,1
1562,324,289,1
1563,324,290,1
1564,324,291,1
1565,324,292,1
1566,324,293,1
1567,324,294,1
1568,324,295,1
1569,325,284,1
1570,325,285,1
1571,325,286,1
1572,325,287,1
1573,325,288,1
1574,325,289,1
1575,325,290,1
1576,325,291,1
1577,325,292,1
1578,325,293,1
1579,325,294,1
1580,325,295,1
1581,326,284,1
1582,326,285,1
1583,326,286,1
1584,326,287,1
1585,326,288,1
1586,326,289,1
1587,326,290,1
1588,326,291,1
1589,326,292,1
1590,326,293,1
1591,326,294,1
1592,326,295,1
1593,327,284,1
1594,327,285,1
1595,327,286,1
1596,327,287,1
1597,327,288,1
1598,327,289,1
1599,327,290,1
1600,327,291,1
1601,327,292,1
1602,327,293,1
1603,327,294,1
1604,327,295,1
1605,328,284,1
1606,328,285,1
1607,328,286,1
1608,328,287,1
1609,328,288,1
1610,328,289,1
1611,328,290,1
1612,328,291,1
1613,328,292,1
1614,328,293,1
1615,328,294,1
1616,328,295,1
1617,329,284,1
1618,329,285,1
1619,329,286,1
1620,329,287,1
1621,329,288,1
1622,329,289,1
1623,329,290,1
1624,329,291,1
1625,329,292,1
1626,329,293,1
1627,329,294,1
1628,329,295,1
1629,330,284,1
1630,330,285,1
1631,330,286,1
1632,330,287,1
1633,330,288,1
1634,330,289,1
1635,330,290,1
1636,330,291,1
1637,330,292,1
1638,330,293,1
1639,330,294,1
1640,330,295,1
1641,331,284,1
1642,331,285,1
1643,331,286,1
1644,331,287,1
1645,331,288,1
1646,331,289,1
1647,331,290,1
1648,331,291,1
1649,331,292,1
1650,331,293,1
1651,331,294,1
1652,331,295,1
1653,332,284,1
1654,332,285,1
1655,332,286,1
1656,332,287,1
1657,332,288,1
1658,332,289,1
1659,332,290,1
1660,332,291,1
1661,332,292,1
1662,332,293,1
1663,332,294,1
1664,332,295,1
1665,333,284,1
1666,333,285,1
1667,333,286,1
1668,333,287,1
1669,333,288,1
1670,333,289,1
1671,333,290,1
1672,333,291,1
1673,333,292,1
1674,333,293,1
1675,333,294,1
1676,333,295,1
1677,334,284,1
1678,334,285,1
1679,334,286,1
1680,334,287,1
1681,334,288,1
1682,334,289,1
1683,334,290,1
1684,334,291,1
1685,334,292,1
1686,334,293,1
1687,334,294,1
1688,334,295,1
1689,335,284,1
1690,335,285,1
1691,335,286,1
1692,335,287,1
1693,335,288,1
1694,335,289,1
1695,335,290,1
1696,335,291,1
1697,335,292,1
1698,335,293,1
1699,335,294,1
1700,335,295,1
1701,336,284,1
1702,336,285,1
1703,336,286,1
1704,336,287,1
1705,336,288,1
1706,336,289,1
1707,336,290,1
1708,336,291,1
1709,336,292,1
1710,336,293,1
1711,336,294,1
1712,336,295,1
1713,303,359,1
1714,303,360,1
1715,303,361,1
1716,303,362,1
1717,303,363,1
1718,303,364,1
1719,303,365,1
1720,303,366,1
1721,303,367,1
1722,303,368,1
1723,303,369,1
1724,303,370,1
1725,303,371,1
1726,303,372,1
1727,303,373,1
1728,304,359,1
1729,304,360,1
1730,304,361,1
1731,304,362,1
1732,304,363,1
1733,304,364,1
1734,304,365,1
1735,304,366,1
1736,304,367,1
1737,304,368,1
1738,304,369,1
1739,304,370,1
1740,304,371,1
1741,304,372,1
1742,304,373,1
1743,305,359,1
1744,305,360,1
1745,305,361,1
1746,305,362,1
1747,305,363,1
1748,305,364,1
1749,305,365,1
1750,305,366,1
1751,305,367,1
1752,305,368,1
1753,305,369,1
1754,305,370,1
1755,305,371,1
1756,305,372,1
1757,305,373,1
1758,306,359,1
1759,306,360,1
1760,306,361,1
1761,306,362,1
1762,306,363,1
1763,306,364,1
1764,306,365,1
1765,306,366,1
1766,306,367,1
1767,306,368,1
1768,306,369,1
1769,306,370,1
1770,306,371,1
1771,306,372,1
1772,306,373,1
1773,307,359,1
1774,307,360,1
1775,307,361,1
1776,307,362,1
1777,307,363,1
1778,307,364,1
1779,307,365,1
1780,307,366,1
1781,307,367,1
1782,307,368,1
1783,307,369,1
1784,307,370,1
1785,307,371,1
1786,307,372,1
1787,307,373,1
1788,308,359,1
1789,308,360,1
1790,308,361,1
1791,308,362,1
1792,308,363,1
1793,308,364,1
1794,308,365,1
1795,308,366,1
1796,308,367,1
1797,308,368,1
1798,308,369,1
1799,308,370,1
1800,308,371,1
1801,308,372,1
1802,308,373,1
1803,309,359,1
1804,309,360,1
1805,309,361,1
1806,309,362,1
1807,309,363,1
1808,309,364,1
1809,309,365,1
1810,309,366,1
1811,309,367,1
1812,309,368,1
1813,309,369,1
1814,309,370,1
1815,309,371,1
1816,309,372,1
1817,309,373,1
1818,310,359,1
1819,310,360,1
1820,310,361,1
1821,310,362,1
1822,310,363,1
1823,310,364,1
1824,310,365,1
1825,310,366,1
1826,310,367,1
1827,310,368,1
1828,310,369,1
1829,310,370,1
1830,310,371,1
1831,310,372,1
1832,310,373,1
1833,311,359,1
1834,311,360,1
1835,311,361,1
1836,311,362,1
1837,311,363,1
1838,311,364,1
1839,311,365,1
1840,311,366,1
1841,311,367,1
1842,311,368,1
1843,311,369,1
1844,311,370,1
1845,311,371,1
1846,311,372,1
1847,311,373,1
1848,312,359,1
1849,312,360,1
1850,312,361,1
1851,312,362,1
1852,312,363,1
1853,312,364,1
1854,312,365,1
1855,312,366,1
1856,312,367,1
1857,312,368,1
1858,312,369,1
1859,312,370,1
1860,312,371,1
1861,312,372,1
1862,312,373,1
1863,313,359,1
1864,313,360,1
1865,313,361,1
1866,313,362,1
1867,313,363,1
1868,313,364,1
1869,313,365,1
1870,313,366,1
1871,313,367,1
1872,313,368,1
1873,313,369,1
1874,313,370,1
1875,313,371,1
1876,313,372,1
1877,313,373,1
1878,314,359,1
1879,314,360,1
1880,314,361,1
1881,314,362,1
1882,314,363,1
1883,314,364,1
1884,314,365,1
1885,314,366,1
1886,314,367,1
1887,314,368,1
1888,314,369,1
1889,314,370,1
1890,314,371,1
1891,314,372,1
1892,314,373,1
1893,315,359,1
1894,315,360,1
1895,315,361,1
1896,315,362,1
1897,315,363,1
1898,315,364,1
1899,315,365,1
1900,315,366,1
1901,315,367,1
1902,315,368,1
1903,315,369,1
1904,315,370,1
1905,315,371,1
1906,315,372,1
1907,315,373,1
1908,316,359,1
1909,316,360,1
1910,316,361,1
1911,316,362,1
1912,316,363,1
1913,316,364,1
1914,316,365,1
1915,316,366,1
1916,316,367,1
1917,316,368,1
1918,316,369,1
1919,316,370,1
1920,316,371,1
1921,316,372,1
1922,316,373,1
1923,317,359,1
1924,317,360,1
1925,317,361,1
1926,317,362,1
1927,317,363,1
1928,317,364,1
1929,317,365,1
1930,317,366,1
1931,317,367,1
1932,317,368,1
1933,317,369,1
1934,317,370,1
1935,317,371,1
1936,317,372,1
1937,317,373,1
1938,318,359,1
1939,318,360,1
1940,318,361,1
1941,318,362,1
1942,318,363,1
1943,318,364,1
1944,318,365,1
1945,318,366,1
1946,318,367,1
1947,318,368,1
1948,318,369,1
1949,318,370,1
1950,318,371,1
1951,318,372,1
1952,318,373,1
1953,319,359,1
1954,319,360,1
1955,319,361,1
1956,319,362,1
1957,319,363,1
1958,319,364,1
1959,319,365,1
1960,319,366,1
1961,319,367,1
1962,319,368,1
1963,319,369,1
1964,319,370,1
1965,319,371,1
1966,319,372,1
1967,319,373,1
1968,320,359,1
1969,320,360,1
1970,320,361,1
1971,320,362,1
1972,320,363,1
1973,320,364,1
1974,320,365,1
1975,320,366,1
1976,320,367,1
1977,320,368,1
1978,320,369,1
1979,320,370,1
1980,320,371,1
1981,320,372,1
1982,320,373,1
1983,321,359,1
1984,321,360,1
1985,321,361,1
1986,321,362,1
1987,321,363,1
1988,321,364,1
1989,321,365,1
1990,321,366,1
1991,321,367,1
1992,321,368,1
1993,321,369,1
1994,321,370,1
1995,321,371,1
1996,321,372,1
1997,321,373,1
1998,322,359,1
1999,322,360,1
2000,322,361,1
2001,322,362,1
2002,322,363,1
2003,322,364,1
2004,322,365,1
2005,322,366,1
2006,322,367,1
2007,322,368,1
2008,322,369,1
2009,322,370,1
2010,322,371,1
2011,322,372,1
2012,322,373,1
2013,314,379,1
2014,314,380,1
2015,314,381,1
2016,314,382,1
2017,314,383,1
2018,314,384,1
2019,314,385,1
2020,314,386,1
2021,314,387,1
2022,315,379,1
2023,315,380,1
2024,315,381,1
2025,315,382,1
2026,315,383,1
2027,315,384,1
2028,315,385,1
2029,315,386,1
2030,315,387,1
2031,316,379,1
2032,316,380,1
2033,316,381,1
2034,316,382,1
2035,316,383,1
2036,316,384,1
2037,316,385,1
2038,316,386,1
2039,316,387,1
2040,317,379,1
2041,317,380,1
2042,317,381,1
2043,317,382,1
2044,317,383,1
2045,317,384,1
2046,317,385,1
2047,317,386,1
2048,317,387,1
2049,318,379,1
2050,318,380,1
2051,318,381,1
2052,318,382,1
2053,318,383,1
2054,318,384,1
2055,318,385,1
2056,318,386,1
2057,318,387,1
2058,319,379,1
2059,319,380,1
2060,319,381,1
2061,319,382,1
2062,319,383,1
2063,319,384,1
2064,319,385,1
2065,319,386,1
2066,319,387,1
2067,320,379,1
2068,320,380,1
2069,320,381,1
2070,320,382,1
2071,320,383,1
2072,320,384,1
2073,320,385,1
2074,320,386,1
2075,320,387,1
2076,321,379,1
2077,321,380,1
2078,321,381,1
2079,321,382,1
2080,321,383,1
2081,321,384,1
2082,321,385,1
2083,321,386,1
2084,321,387,1
2085,322,379,1
2086,322,380,1
2087,322,381,1
2088,322,382,1
2089,322,383,1
2090,322,384,1
2091,322,385,1
2092,322,386,1
2093,322,387,1
2094,323,379,1
2095,323,380,1
2096,323,381,1
2097,323,382,1
2098,323,383,1
2099,323,384,1
2100,323,385,1
2101,323,386,1
2102,323,387,1
2103,324,379,1
2104,324,380,1
2105,324,381,1
2106,324,382,1
2107,324,383,1
2108,324,384,1
2109,324,385,1
2110,324,386,1
2111,324,387,1
2112,325,379,1
2113,325,380,1
2114,325,381,1
2115,325,382,1
2116,325,383,1
2117,325,384,1
2118,325,385,1
2119,325,386,1
2120,325,387,1
2121,326,379,1
2122,326,380,1
2123,326,381,1
2124,326,382,1
2125,326,383,1
2126,326,384,1
2127,326,385,1
2128,326,386,1
2129,326,387,1
2130,327,379,1
2131,327,380,1
2132,327,381,1
2133,327,382,1
2134,327,383,1
2135,327,384,1
2136,327,385,1
2137,327,386,1
2138,327,387,1
2139,248,368,1
2140,248,369,1
2141,248,370,1
2142,248,371,1
2143,248,372,1
2144,248,373,1
2145,248,374,1
2146,248,375,1
2147,248,376,1
2148,248,377,1
2149,248,378,1
2150,248,379,1
2151,248,380,1
2152,248,381,1
2153,248,382,1
2154,248,383,1
2155,248,384,1
2156,248,385,1
2157,248,386,1
2158,248,387,1
2159,248,388,1
2160,248,389,1
2161,248,390,1
2162,248,391,1
2163,249,368,1
2164,249,369,1
2165,249,370,1
2166,249,371,1
2167,249,372,1
2168,249,373,1
2169,249,374,1
2170,249,375,1
2171,249,376,1
2172,249,377,1
2173,249,378,1
2174,249,379,1
2175,249,380,1
2176,249,381,1
2177,249,382,1
2178,249,383,1
2179,249,384,1
2180,249,385,1
2181,249,386,1
2182,249,387,1
2183,249,388,1
2184,249,389,1
2185,249,390,1
2186,249,391,1
2187,250,368,1
2188,250,369,1
2189,250,370,1
2190,250,371,1
2191,250,372,1
2192,250,373,1
2193,250,374,1
2194,250,375,1
2195,250,376,1
2196,250,377,1
2197,250,378,1
2198,250,379,1
2199,250,380,1
2200,250,381,1
2201,250,382,1
2202,250,383,1
2203,250,384,1
2204,250,385,1
2205,250,386,1
2206,250,387,1
2207,250,388,1
2208,250,389,1
2209,250,390,1
2210,250,391,1
2211,251,368,1
2212,251,369,1
2213,251,370,1
2214,251,371,1
2215,251,372,1
2216,251,373,1
2217,251,374,1
2218,251,375,1
2219,251,376,1
2220,251,377,1
2221,251,378,1
2222,251,379,1
2223,251,380,1
2224,251,381,1
2225,251,382,1
2226,251,383,1
2227,251,384,1
2228,251,385,1
2229,251,386,1
2230,251,387,1
2231,251,388,1
2232,251,389,1
2233,251,390,1
2234,251,391,1
2235,252,368,1
2236,252,369,1
2237,252,370,1
2238,252,371,1
2239,252,372,1
2240,252,373,1
2241,252,374,1
2242,252,375,1
2243,252,376,1
2244,252,377,1
2245,252,378,1
2246,252,379,1
2247,252,380,1
2248,252,381,1
2249,252,382,1
2250,252,383,1
2251,252,384,1
2252,252,385,1
2253,252,386,1
2254,252,387,1
2255,252,388,1
2256,252,389,1
2257,252,390,1
2258,252,391,1
2259,253,368,1
2260,253,369,1
2261,253,370,1
2262,253,371,1
2263,253,372,1
2264,253,373,1
2265,253,374,1
2266,253,375,1
2267,253,376,1
2268,253,377,1
2269,253,378,1
2270,253,379,1
2271,253,380,1
2272,253,381,1
2273,253,382,1
2274,253,383,1
2275,253,384,1
2276,253,385,1
2277,253,386,1
2278,253,387,1
2279,253,388,1
2280,253,389,1
2281,253,390,1
2282,253,391,1
2283,254,368,1
2284,254,369,1
2285,254,370,1
2286,254,371,1
2287,254,372,1
2288,254,373,1
2289,254,374,1
2290,254,375,1
2291,254,376,1
2292,254,377,1
2293,254,378,1
2294,254,379,1
2295,254,380,1
2296,254,381,1
2297,254,382,1
2298,254,383,1
2299,254,384,1
2300,254,385,1
2301,254,386,1
2302,254,387,1
2303,254,388,1
2304,254,389,1
2305,254,390,1
2306,254,391,1
2307,255,368,1
2308,255,369,1
2309,255,370,1
2310,255,371,1
2311,255,372,1
2312,255,373,1
2313,255,374,1
2314,255,375,1
2315,255,376,1
2316,255,377,1
2317,255,378,1
2318,255,379,1
2319,255,380,1
2320,255,381,1
2321,255,382,1
2322,255,383,1
2323,255,384,1
2324,255,385,1
2325,255,386,1
2326,255,387,1
2327,255,388,1
2328,255,389,1
2329,255,390,1
2330,255,391,1
2331,256,368,1
2332,256,369,1
2333,256,370,1
2334,256,371,1
2335,256,372,1
2336,256,373,1
2337,256,374,1
2338,256,375,1
2339,256,376,1
2340,256,377,1
2341,256,378,1
2342,256,379,1
2343,256,380,1
2344,256,381,1
2345,256,382,1
2346,256,383,1
2347,256,384,1
2348,256,385,1
2349,256,386,1
2350,256,387,1
2351,256,388,1
2352,256,389,1
2353,256,390,1
2354,256,391,1
2355,257,368,1
2356,257,369,1
2357,257,370,1
2358,257,371,1
2359,257,372,1
2360,257,373,1
2361,257,374,1
2362,257,375,1
2363,257,376,1
2364,257,377,1
2365,257,378,1
2366,257,379,1
2367,257,380,1
2368,257,381,1
2369,257,382,1
2370,257,383,1
2371,257,384,1
2372,257,385,1
2373,257,386,1
2374,257,387,1
2375,257,388,1
2376,257,389,1
2377,257,390,1
2378,257,391,1
2379,258,368,1
2380,258,369,1
2381,258,370,1
2382,258,371,1
2383,258,372,1
2384,258,373,1
2385,258,374,1
2386,258,375,1
2387,258,376,1
2388,258,377,1
2389,258,378,1
2390,258,379,1
2391,258,380,1
2392,258,381,1
2393,258,382,1
2394,258,383,1
2395,258,384,1
2396,258,385,1
2397,258,386,1
2398,258,387,1
2399,258,388,1
2400,258,389,1
2401,258,390,1
2402,258,391,1
2403,259,368,1
2404,259,369,1
2405,259,370,1
2406,259,371,1
2407,259,372,1
2408,259,373,1
2409,259,374,1
2410,259,375,1
2411,259,376,1
2412,259,377,1
2413,259,378,1
2414,259,379,1
2415,259,380,1
2416,259,381,1
2417,259,382,1
2418,259,383,1
2419,259,384,1
2420,259,385,1
2421,259,386,1
2422,259,387,1
2423,259,388,1
2424,259,389,1
2425,259,390,1
2426,259,391,1
2427,260,368,1
2428,260,369,1
2429,260,370,1
2430,260,371,1
2431,260,372,1
2432,260,373,1
2433,260,374,1
2434,260,375,1
2435,260,376,1
2436,260,377,1
2437,260,378,1
2438,260,379,1
2439,260,380,1
2440,260,381,1
2441,260,382,1
2442,260,383,1
2443,260,384,1
2444,260,385,1
2445,260,386,1
2446,260,387,1
2447,260,388,1
2448,260,389,1
2449,260,390,1
2450,260,391,1
2451,261,368,1
2452,261,369,1
2453,261,370,1
2454,261,371,1
2455,261,372,1
2456,261,373,1
2457,261,374,1
2458,261,375,1
2459,261,376,1
2460,261,377,1
2461,261,378,1
2462,261,379,1
2463,261,380,1
2464,261,381,1
2465,261,382,1
2466,261,383,1
2467,261,384,1
2468,261,385,1
2469,261,386,1
2470,261,387,1
2471,261,388,1
2472,261,389,1
2473,261,390,1
2474,261,391,1
2475,262,368,1
2476,262,369,1
2477,262,370,1
2478,262,371,1
2479,262,372,1
2480,262,373,1
2481,262,374,1
2482,262,375,1
2483,262,376,1
2484,262,377,1
2485,262,378,1
2486,262,379,1
2487,262,380,1
2488,262,381,1
2489,262,382,1
2490,262,383,1
2491,262,384,1
2492,262,385,1
2493,262,386,1
2494,262,387,1
2495,262,388,1
2496,262,389,1
2497,262,390,1
2498,262,391,1
2499,263,368,1
2500,263,369,1
2501,263,370,1
2502,263,371,1
2503,263,372,1
2504,263,373,1
2505,263,374,1
2506,263,375,1
2507,263,376,1
2508,263,377,1
2509,263,378,1
2510,263,379,1
2511,263,380,1
2512,263,381,1
2513,263,382,1
2514,263,383,1
2515,263,384,1
2516,263,385,1
2517,263,386,1
2518,263,387,1
2519,263,388,1
2520,263,389,1
2521,263,390,1
2522,263,391,1
2523,264,368,1
2524,264,369,1
2525,264,370,1
2526,264,371,1
2527,264,372,1
2528,264,373,1
2529,264,374,1
2530,264,375,1
2531,264,376,1
2532,264,377,1
2533,264,378,1
2534,264,379,1
2535,264,380,1
2536,264,381,1
2537,264,382,1
2538,264,383,1
2539,264,384,1
2540,264,385,1
2541,264,386,1
2542,264,387,1
2543,264,388,1
2544,264,389,1
2545,264,390,1
2546,264,391,1
2547,265,368,1
2548,265,369,1
2549,265,370,1
2550,265,371,1
2551,265,372,1
2552,265,373,1
2553,265,374,1
2554,265,375,1
2555,265,376,1
2556,265,377,1
2557,265,378,1
2558,265,379,1
2559,265,380,1
2560,265,381,1
2561,265,382,1
2562,265,383,1
2563,265,384,1
2564,265,385,1
2565,265,386,1
2566,265,387,1
2567,265,388,1
2568,265,389,1
2569,265,390,1
2570,265,391,1
2571,266,368,1
2572,266,369,1
2573,266,370,1
2574,266,371,1
2575,266,372,1
2576,266,373,1
2577,266,374,1
2578,266,375,1
2579,266,376,1
2580,266,377,1
2581,266,378,1
2582,266,379,1
2583,266,380,1
2584,266,381,1
2585,266,382,1
2586,266,383,1
2587,266,384,1
2588,266,385,1
2589,266,386,1
2590,266,387,1
2591,266,388,1
2592,266,389,1
2593,266,390,1
2594,266,391,1
2595,267,368,1
2596,267,369,1
2597,267,370,1
2598,267,371,1
2599,267,372,1
2600,267,373,1
2601,267,374,1
2602,267,375,1
2603,267,376,1
2604,267,377,1
2605,267,378,1
2606,267,379,1
2607,267,380,1
2608,267,381,1
2609,267,382,1
2610,267,383,1
2611,267,384,1
2612,267,385,1
2613,267,386,1
2614,267,387,1
2615,267,388,1
2616,267,389,1
2617,267,390,1
2618,267,391,1
2619,410,257,1
2620,410,258,1
2621,410,259,1
2622,410,260,1
2623,410,261,1
2624,410,262,1
2625,410,263,1
2626,410,264,1
2627,410,265,1
2628,410,266,1
2629,410,267,1
2630,410,268,1
2631,410,269,1
2632,410,270,1
2633,410,271,1
2634,411,257,1
2635,411,258,1
2636,411,259,1
2637,411,260,1
2638,411,261,1
2639,411,262,1
2640,411,263,1
2641,411,264,1
2642,411,265,1
2643,411,266,1
2644,411,267,1
2645,411,268,1
2646,411,269,1
2647,411,270,1
2648,411,271,1
2649,412,257,1
2650,412,258,1
2651,412,259,1
2652,412,260,1
2653,412,261,1
2654,412,262,1
2655,412,263,1
2656,412,264,1
2657,412,265,1
2658,412,266,1
2659,412,267,1
2660,412,268,1
2661,412,269,1
2662,412,270,1
2663,412,271,1
2664,413,257,1
2665,413,258,1
2666,413,259,1
2667,413,260,1
2668,413,261,1
2669,413,262,1
2670,413,263,1
2671,413,264,1
2672,413,265,1
2673,413,266,1
2674,413,267,1
2675,413,268,1
2676,413,269,1
2677,413,270,1
2678,413,271,1
2679,414,257,1
2680,414,258,1
2681,414,259,1
2682,414,260,1
2683,414,261,1
2684,414,262,1
2685,414,263,1
2686,414,264,1
2687,414,265,1
2688,414,266,1
2689,414,267,1
2690,414,268,1
2691,414,269,1
2692,414,270,1
2693,414,271,1
2694,415,257,1
2695,415,258,1
2696,415,259,1
2697,415,260,1
2698,415,261,1
2699,415,262,1
2700,415,263,1
2701,415,264,1
2702,415,265,1
2703,415,266,1
2704,415,267,1
2705,415,268,1
2706,415,269,1
2707,415,270,1
2708,415,271,1
2709,416,257,1
2710,416,258,1
2711,416,259,1
2712,416,260,1
2713,416,261,1
2714,416,262,1
2715,416,263,1
2716,416,264,1
2717,416,265,1
2718,416,266,1
2719,416,267,1
2720,416,268,1
2721,416,269,1
2722,416,270,1
2723,416,271,1
2724,417,257,1
2725,417,258,1
2726,417,259,1
2727,417,260,1
2728,417,261,1
2729,417,262,1
2730,417,263,1
2731,417,264,1
2732,417,265,1
2733,417,266,1
2734,417,267,1
2735,417,268,1
2736,417,269,1
2737,417,270,1
2738,417,271,1
2739,418,257,1
2740,418,258,1
2741,418,259,1
2742,418,260,1
2743,418,261,1
2744,418,262,1
2745,418,263,1
2746,418,264,1
2747,418,265,1
2748,418,266,1
2749,418,267,1
2750,418,268,1
2751,418,269,1
2752,418,270,1
2753,418,271,1
2754,419,257,1
2755,419,258,1
2756,419,259,1
2757,419,260,1
2758,419,261,1
2759,419,262,1
2760,419,263,1
2761,419,264,1
2762,419,265,1
2763,419,266,1
2764,419,267,1
2765,419,268,1
2766,419,269,1
2767,419,270,1
2768,419,271,1
2769,420,257,1
2770,420,258,1
2771,420,259,1
2772,420,260,1
2773,420,261,1
2774,420,262,1
2775,420,263,1
2776,420,264,1
2777,420,265,1
2778,420,266,1
2779,420,267,1
2780,420,268,1
2781,420,269,1
2782,420,270,1
2783,420,271,1
2784,421,257,1
2785,421,258,1
2786,421,259,1
2787,421,260,1
2788,421,261,1
2789,421,262,1
2790,421,263,1
2791,421,264,1
2792,421,265,1
2793,421,266,1
2794,421,267,1
2795,421,268,1
2796,421,269,1
2797,421,270,1
2798,421,271,1
2799,422,257,1
2800,422,258,1
2801,422,259,1
2802,422,260,1
2803,422,261,1
2804,422,262,1
2805,422,263,1
2806,422,264,1
2807,422,265,1
2808,422,266,1
2809,422,267,1
2810,422,268,1
2811,422,269,1
2812,422,270,1
2813,422,271,1
2814,423,257,1
2815,423,258,1
2816,423,259,1
2817,423,260,1
2818,423,261,1
2819,423,262,1
2820,423,263,1
2821,423,264,1
2822,423,265,1
2823,423,266,1
2824,423,267,1
2825,423,268,1
2826,423,269,1
2827,423,270,1
2828,423,271,1
2829,424,257,1
2830,424,258,1
2831,424,259,1
2832,424,260,1
2833,424,261,1
2834,424,262,1
2835,424,263,1
2836,424,264,1
2837,424,265,1
2838,424,266,1
2839,424,267,1
2840,424,268,1
2841,424,269,1
2842,424,270,1
2843,424,271,1
2844,315,115,1
2845,315,116,1
2846,315,117,1
2847,315,118,1
2848,315,119,1
2849,315,120,1
2850,315,121,1
2851,315,122,1
2852,315,123,1
2853,315,124,1
2854,315,125,1
2855,315,126,1
2856,315,127,1
2857,315,128,1
2858,315,129,1
2859,315,130,1
2860,315,131,1
2861,315,132,1
2862,315,133,1
2863,315,134,1
2864,315,135,1
2865,315,136,1
2866,315,137,1
2867,315,138,1
2868,315,139,1
2869,316,115,1
2870,316,116,1
2871,316,117,1
2872,316,118,1
2873,316,119,1
2874,316,120,1
2875,316,121,1
2876,316,122,1
2877,316,123,1
2878,316,124,1
2879,316,125,1
2880,316,126,1
2881,316,127,1
2882,316,128,1
2883,316,129,1
2884,316,130,1
2885,316,131,1
2886,316,132,1
2887,316,133,1
2888,316,134,1
2889,316,135,1
2890,316,136,1
2891,316,137,1
2892,316,138,1
2893,316,139,1
2894,317,115,1
2895,317,116,1
2896,317,117,1
2897,317,118,1
2898,317,119,1
2899,317,120,1
2900,317,121,1
2901,317,122,1
2902,317,123,1
2903,317,124,1
2904,317,125,1
2905,317,126,1
2906,317,127,1
2907,317,128,1
2908,317,129,1
2909,317,130,1
2910,317,131,1
2911,317,132,1
2912,317,133,1
2913,317,134,1
2914,317,135,1
2915,317,136,1
2916,317,137,1
2917,317,138,1
2918,317,139,1
2919,318,115,1
2920,318,116,1
2921,318,117,1
2922,318,118,1
2923,318,119,1
2924,318,120,1
2925,318,121,1
2926,318,122,1
2927,318,123,1
2928,318,124,1
2929,318,125,1
2930,318,126,1
2931,318,127,1
2932,318,128,1
2933,318,129,1
2934,318,130,1
2935,318,131,1
2936,318,132,1
2937,318,133,1
2938,318,134,1
2939,318,135,1
2940,318,136,1
2941,318,137,1
2942,318,138,1
2943,318,139,1
2944,319,115,1
2945,319,116,1
2946,319,117,1
2947,319,118,1
2948,319,119,1
2949,319,120,1
2950,319,121,1
2951,319,122,1
2952,319,123,1
2953,319,124,1
2954,319,125,1
2955,319,126,1
2956,319,127,1
2957,319,128,1
2958,319,129,1
2959,319,130,1
2960,319,131,1
2961,319,132,1
2962,319,133,1
2963,319,134,1
2964,319,135,1
2965,319,136,1
2966,319,137,1
2967,319,138,1
2968,319,139,1
2969,320,115,1
2970,320,116,1
2971,320,117,1
2972,320,118,1
2973,320,119,1
2974,320,120,1
2975,320,121,1
2976,320,122,1
2977,320,123,1
2978,320,124,1
2979,320,125,1
2980,320,126,1
2981,320,127,1
2982,320,128,1
2983,320,129,1
2984,320,130,1
2985,320,131,1
2986,320,132,1
2987,320,133,1
2988,320,134,1
2989,320,135,1
2990,320,136,1
2991,320,137,1
2992,320,138,1
2993,320,139,1
2994,321,115,1
2995,321,116,1
2996,321,117,1
2997,321,118,1
2998,321,119,1
2999,321,120,1
3000,321,121,1
3001,321,122,1
3002,321,123,1
3003,321,124,1
3004,321,125,1
3005,321,126,1
3006,321,127,1
3007,321,128,1
3008,321,129,1
3009,321,130,1
3010,321,131,1
3011,321,132,1
3012,321,133,1
3013,321,134,1
3014,321,135,1
3015,321,136,1
3016,321,137,1
3017,321,138,1
3018,321,139,1
3019,322,115,1
3020,322,116,1
3021,322,117,1
3022,322,118,1
3023,322,119,1
3024,322,120,1
3025,322,121,1
3026,322,122,1
3027,322,123,1
3028,322,124,1
3029,322,125,1
3030,322,126,1
3031,322,127,1
3032,322,128,1
3033,322,129,1
3034,322,130,1
3035,322,131,1
3036,322,132,1
3037,322,133,1
3038,322,134,1
3039,322,135,1
3040,322,136,1
3041,322,137,1
3042,322,138,1
3043,322,139,1
3044,323,115,1
3045,323,116,1
3046,323,117,1
3047,323,118,1
3048,323,119,1
3049,323,120,1
3050,323,121,1
3051,323,122,1
3052,323,123,1
3053,323,124,1
3054,323,125,1
3055,323,126,1
3056,323,127,1
3057,323,128,1
3058,323,129,1
3059,323,130,1
3060,323,131,1
3061,323,132,1
3062,323,133,1
3063,323,134,1
3064,323,135,1
3065,323,136,1
3066,323,137,1
3067,323,138,1
3068,323,139,1
3069,324,115,1
3070,324,116,1
3071,324,117,1
3072,324,118,1
3073,324,119,1
3074,324,120,1
3075,324,121,1
3076,324,122,1
3077,324,123,1
3078,324,124,1
3079,324,125,1
3080,324,126,1
3081,324,127,1
3082,324,128,1
3083,324,129,1
3084,324,130,1
3085,324,131,1
3086,324,132,1
3087,324,133,1
3088,324,134,1
3089,324,135,1
3090,324,136,1
3091,324,137,1
3092,324,138,1
3093,324,139,1
3094,325,115,1
3095,325,116,1
3096,325,117,1
3097,325,118,1
3098,325,119,1
3099,325,120,1
3100,325,121,1
3101,325,122,1
3102,325,123,1
3103,325,124,1
3104,325,125,1
3105,325,126,1
3106,325,127,1
3107,325,128,1
3108,325,129,1
3109,325,130,1
3110,325,131,1
3111,325,132,1
3112,325,133,1
3113,325,134,1
3114,325,135,1
3115,325,136,1
3116,325,137,1
3117,325,138,1
3118,325,139,1
3119,326,115,1
3120,326,116,1
3121,326,117,1
3122,326,118,1
3123,326,119,1
3124,326,120,1
3125,326,121,1
3126,326,122,1
3127,326,123,1
3128,326,124,1
3129,326,125,1
3130,326,126,1
3131,326,127,1
3132,326,128,1
3133,326,129,1
3134,326,130,1
3135,326,131,1
3136,326,132,1
3137,326,133,1
3138,326,134,1
3139,326,135,1
3140,326,136,1
3141,326,137,1
3142,326,138,1
3143,326,139,1
3144,327,115,1
3145,327,116,1
3146,327,117,1
3147,327,118,1
3148,327,119,1
3149,327,120,1
3150,327,121,1
3151,327,122,1
3152,327,123,1
3153,327,124,1
3154,327,125,1
3155,327,126,1
3156,327,127,1
3157,327,128,1
3158,327,129,1
3159,327,130,1
3160,327,131,1
3161,327,132,1
3162,327,133,1
3163,327,134,1
3164,327,135,1
3165,327,136,1
3166,327,137,1
3167,327,138,1
3168,327,139,1
3169,328,115,1
3170,328,116,1
3171,328,117,1
3172,328,118,1
3173,328,119,1
3174,328,120,1
3175,328,121,1
3176,328,122,1
3177,328,123,1
3178,328,124,1
3179,328,125,1
3180,328,126,1
3181,328,127,1
3182,328,128,1
3183,328,129,1
3184,328,130,1
3185,328,131,1
3186,328,132,1
3187,328,133,1
3188,328,134,1
3189,328,135,1
3190,328,136,1
3191,328,137,1
3192,328,138,1
3193,328,139,1
3194,329,115,1
3195,329,116,1
3196,329,117,1
3197,329,118,1
3198,329,119,1
3199,329,120,1
3200,329,121,1
3201,329,122,1
3202,329,123,1
3203,329,124,1
3204,329,125,1
3205,329,126,1
3206,329,127,1
3207,329,128,1
3208,329,129,1
3209,329,130,1
3210,329,131,1
3211,329,132,1
3212,329,133,1
3213,329,134,1
3214,329,135,1
3215,329,136,1
3216,329,137,1
3217,329,138,1
3218,329,139,1
3219,330,115,1
3220,330,116,1
3221,330,117,1
3222,330,118,1
3223,330,119,1
3224,330,120,1
3225,330,121,1
3226,330,122,1
3227,330,123,1
3228,330,124,1
3229,330,125,1
3230,330,126,1
3231,330,127,1
3232,330,128,1
3233,330,129,1
3234,330,130,1
3235,330,131,1
3236,330,132,1
3237,330,133,1
3238,330,134,1
3239,330,135,1
3240,330,136,1
3241,330,137,1
3242,330,138,1
3243,330,139,1
3244,331,115,1
3245,331,116,1
3246,331,117,1
3247,331,118,1
3248,331,119,1
3249,331,120,1
3250,331,121,1
3251,331,122,1
3252,331,123,1
3253,331,124,1
3254,331,125,1
3255,331,126,1
3256,331,127,1
3257,331,128,1
3258,331,129,1
3259,331,130,1
3260,331,131,1
3261,331,132,1
3262,331,133,1
3263,331,134,1
3264,331,135,1
3265,331,136,1
3266,331,137,1
3267,331,138,1
3268,331,139,1
3269,332,115,1
3270,332,116,1
3271,332,117,1
3272,332,118,1
3273,332,119,1
3274,332,120,1
3275,332,121,1
3276,332,122,1
3277,332,123,1
3278,332,124,1
3279,332,125,1
3280,332,126,1
3281,332,127,1
3282,332,128,1
3283,332,129,1
3284,332,130,1
3285,332,131,1
3286,332,132,1
3287,332,133,1
3288,332,134,1
3289,332,135,1
3290,332,136,1
3291,332,137,1
3292,332,138,1
3293,332,139,1
3294,333,115,1
3295,333,116,1
3296,333,117,1
3297,333,118,1
3298,333,119,1
3299,333,120,1
3300,333,121,1
3301,333,122,1
3302,333,123,1
3303,333,124,1
3304,333,125,1
3305,333,126,1
3306,333,127,1
3307,333,128,1
3308,333,129,1
3309,333,130,1
3310,333,131,1
3311,333,132,1
3312,333,133,1
3313,333,134,1
3314,333,135,1
3315,333,136,1
3316,333,137,1
3317,333,138,1
3318,333,139,1
3319,334,115,1
3320,334,116,1
3321,334,117,1
3322,334,118,1
3323,334,119,1
3324,334,120,1
3325,334,121,1
3326,334,122,1
3327,334,123,1
3328,334,124,1
3329,334,125,1
3330,334,126,1
3331,334,127,1
3332,334,128,1
3333,334,129,1
3334,334,130,1
3335,334,131,1
3336,334,132,1
3337,334,133,1
3338,334,134,1
3339,334,135,1
3340,334,136,1
3341,334,137,1
3342,334,138,1
3343,334,139,1
3344,335,115,1
3345,335,116,1
3346,335,117,1
3347,335,118,1
3348,335,119,1
3349,335,120,1
3350,335,121,1
3351,335,122,1
3352,335,123,1
3353,335,124,1
3354,335,125,1
3355,335,126,1
3356,335,127,1
3357,335,128,1
3358,335,129,1
3359,335,130,1
3360,335,131,1
3361,335,132,1
3362,335,133,1
3363,335,134,1
3364,335,135,1
3365,335,136,1
3366,335,137,1
3367,335,138,1
3368,335,139,1
3369,336,115,1
3370,336,116,1
3371,336,117,1
3372,336,118,1
3373,336,119,1
3374,336,120,1
3375,336,121,1
3376,336,122,1
3377,336,123,1
3378,336,124,1
3379,336,125,1
3380,336,126,1
3381,336,127,1
3382,336,128,1
3383,336,129,1
3384,336,130,1
3385,336,131,1
3386,336,132,1
3387,336,133,1
3388,336,134,1
3389,336,135,1
3390,336,136,1
3391,336,137,1
3392,336,138,1
3393,336,139,1
3394,337,115,1
3395,337,116,1
3396,337,117,1
3397,337,118,1
3398,337,119,1
3399,337,120,1
3400,337,121,1
3401,337,122,1
3402,337,123,1
3403,337,124,1
3404,337,125,1
3405,337,126,1
3406,337,127,1
3407,337,128,1
3408,337,129,1
3409,337,130,1
3410,337,131,1
3411,337,132,1
3412,337,133,1
3413,337,134,1
3414,337,135,1
3415,337,136,1
3416,337,137,1
3417,337,138,1
3418,337,139,1
3419,338,115,1
3420,338,116,1
3421,338,117,1
3422,338,118,1
3423,338,119,1
3424,338,120,1
3425,338,121,1
3426,338,122,1
3427,338,123,1
3428,338,124,1
3429,338,125,1
3430,338,126,1
3431,338,127,1
3432,338,128,1
3433,338,129,1
3434,338,130,1
3435,338,131,1
3436,338,132,1
3437,338,133,1
3438,338,134,1
3439,338,135,1
3440,338,136,1
3441,338,137,1
3442,338,138,1
3443,338,139,1
3444,339,115,1
3445,339,116,1
3446,339,117,1
3447,339,118,1
3448,339,119,1
3449,339,120,1
3450,339,121,1
3451,339,122,1
3452,339,123,1
3453,339,124,1
3454,339,125,1
3455,339,126,1
3456,339,127,1
3457,339,128,1
3458,339,129,1
3459,339,130,1
3460,339,131,1
3461,339,132,1
3462,339,133,1
3463,339,134,1
3464,339,135,1
3465,339,136,1
3466,339,137,1
3467,339,138,1
3468,339,139,1
3469,340,115,1
3470,340,116,1
3471,340,117,1
3472,340,118,1
3473,340,119,1
3474,340,120,1
3475,340,121,1
3476,340,122,1
3477,340,123,1
3478,340,124,1
3479,340,125,1
3480,340,126,1
3481,340,127,1
3482,340,128,1
3483,340,129,1
3484,340,130,1
3485,340,131,1
3486,340,132,1
3487,340,133,1
3488,340,134,1
3489,340,135,1
3490,340,136,1
3491,340,137,1
3492,340,138,1
3493,340,139,1
3494,341,115,1
3495,341,116,1
3496,341,117,1
3497,341,118,1
3498,341,119,1
3499,341,120,1
3500,341,121,1
3501,341,122,1
3502,341,123,1
3503,341,124,1
3504,341,125,1
3505,341,126,1
3506,341,127,1
3507,341,128,1
3508,341,129,1
3509,341,130,1
3510,341,131,1
3511,341,132,1
3512,341,133,1
3513,341,134,1
3514,341,135,1
3515,341,136,1
3516,341,137,1
3517,341,138,1
3518,341,139,1
3519,342,115,1
3520,342,116,1
3521,342,117,1
3522,342,118,1
3523,342,119,1
3524,342,120,1
3525,342,121,1
3526,342,122,1
3527,342,123,1
3528,342,124,1
3529,342,125,1
3530,342,126,1
3531,342,127,1
3532,342,128,1
3533,342,129,1
3534,342,130,1
3535,342,131,1
3536,342,132,1
3537,342,133,1
3538,342,134,1
3539,342,135,1
3540,342,136,1
3541,342,137,1
3542,342,138,1
3543,342,139,1
3544,343,115,1
3545,343,116,1
3546,343,117,1
3547,343,118,1
3548,343,119,1
3549,343,120,1
3550,343,121,1
3551,343,122,1
3552,343,123,1
3553,343,124,1
3554,343,125,1
3555,343,126,1
3556,343,127,1
3557,343,128,1
3558,343,129,1
3559,343,130,1
3560,343,131,1
3561,343,132,1
3562,343,133,1
3563,343,134,1
3564,343,135,1
3565,343,136,1
3566,343,137,1
3567,343,138,1
3568,343,139,1
3569,344,115,1
3570,344,116,1
3571,344,117,1
3572,344,118,1
3573,344,119,1
3574,344,120,1
3575,344,121,1
3576,344,122,1
3577,344,123,1
3578,344,124,1
3579,344,125,1
3580,344,126,1
3581,344,127,1
3582,344,128,1
3583,344,129,1
3584,344,130,1
3585,344,131,1
3586,344,132,1
3587,344,133,1
3588,344,134,1
3589,344,135,1
3590,344,136,1
3591,344,137,1
3592,344,138,1
3593,344,139,1
3594,230,257,1
3595,230,258,1
3596,230,259,1
3597,230,260,1
3598,230,261,1
3599,230,262,1
3600,230,263,1
3601,230,264,1
3602,230,265,1
3603,230,266,1
3604,230,267,1
3605,230,268,1
3606,230,269,1
3607,230,270,1
3608,230,271,1
3609,230,272,1
3610,230,273,1
3611,230,274,1
3612,230,275,1
3613,230,276,1
3614,230,277,1
3615,230,278,1
3616,230,279,1
3617,230,280,1
3618,230,281,1
3619,230,282,1
3620,230,283,1
3621,230,284,1
3622,230,285,1
3623,231,257,1
3624,231,258,1
3625,231,259,1
3626,231,260,1
3627,231,261,1
3628,231,262,1
3629,231,263,1
3630,231,264,1
3631,231,265,1
3632,231,266,1
3633,231,267,1
3634,231,268,1
3635,231,269,1
3636,231,270,1
3637,231,271,1
3638,231,272,1
3639,231,273,1
3640,231,274,1
3641,231,275,1
3642,231,276,1
3643,231,277,1
3644,231,278,1
3645,231,279,1
3646,231,280,1
3647,231,281,1
3648,231,282,1
3649,231,283,1
3650,231,284,1
3651,231,285,1
3652,232,257,1
3653,232,258,1
3654,232,259,1
3655,232,260,1
3656,232,261,1
3657,232,262,1
3658,232,263,1
3659,232,264,1
3660,232,265,1
3661,232,266,1
3662,232,267,1
3663,232,268,1
3664,232,269,1
3665,232,270,1
3666,232,271,1
3667,232,272,1
3668,232,273,1
3669,232,274,1
3670,232,275,1
3671,232,276,1
3672,232,277,1
3673,232,278,1
3674,232,279,1
3675,232,280,1
3676,232,281,1
3677,232,282,1
3678,232,283,1
3679,232,284,1
3680,232,285,1
3681,233,257,1
3682,233,258,1
3683,233,259,1
3684,233,260,1
3685,233,261,1
3686,233,262,1
3687,233,263,1
3688,233,264,1
3689,233,265,1
3690,233,266,1
3691,233,267,1
3692,233,268,1
3693,233,269,1
3694,233,270,1
3695,233,271,1
3696,233,272,1
3697,233,273,1
3698,233,274,1
3699,233,275,1
3700,233,276,1
3701,233,277,1
3702,233,278,1
3703,233,279,1
3704,233,280,1
3705,233,281,1
3706,233,282,1
3707,233,283,1
3708,233,284,1
3709,233,285,1
3710,234,257,1
3711,234,258,1
3712,234,259,1
3713,234,260,1
3714,234,261,1
3715,234,262,1
3716,234,263,1
3717,234,264,1
3718,234,265,1
3719,234,266,1
3720,234,267,1
3721,234,268,1
3722,234,269,1
3723,234,270,1
3724,234,271,1
3725,234,272,1
3726,234,273,1
3727,234,274,1
3728,234,275,1
3729,234,276,1
3730,234,277,1
3731,234,278,1
3732,234,279,1
3733,234,280,1
3734,234,281,1
3735,234,282,1
3736,234,283,1
3737,234,284,1
3738,234,285,1
3739,235,257,1
3740,235,258,1
3741,235,259,1
3742,235,260,1
3743,235,261,1
3744,235,262,1
3745,235,263,1
3746,235,264,1
3747,235,265,1
3748,235,266,1
3749,235,267,1
3750,235,268,1
3751,235,269,1
3752,235,270,1
3753,235,271,1
3754,235,272,1
3755,235,273,1
3756,235,274,1
3757,235,275,1
3758,235,276,1
3759,235,277,1
3760,235,278,1
3761,235,279,1
3762,235,280,1
3763,235,281,1
3764,235,282,1
3765,235,283,1
3766,235,284,1
3767,235,285,1
3768,236,257,1
3769,236,258,1
3770,236,259,1
3771,236,260,1
3772,236,261,1
3773,236,262,1
3774,236,263,1
3775,236,264,1
3776,236,265,1
3777,236,266,1
3778,236,267,1
3779,236,268,1
3780,236,269,1
3781,236,270,1
3782,236,271,1
3783,236,272,1
3784,236,273,1
3785,236,274,1
3786,236,275,1
3787,236,276,1
3788,236,277,1
3789,236,278,1
3790,236,279,1
3791,236,280,1
3792,236,281,1
3793,236,282,1
3794,236,283,1
3795,236,284,1
3796,236,285,1
3797,237,257,1
3798,237,258,1
3799,237,259,1
3800,237,260,1
3801,237,261,1
3802,237,262,1
3803,237,263,1
3804,237,264,1
3805,237,265,1
3806,237,266,1
3807,237,267,1
3808,237,268,1
3809,237,269,1
3810,237,270,1
3811,237,271,1
3812,237,272,1
3813,237,273,1
3814,237,274,1
3815,237,275,1
3816,237,276,1
3817,237,277,1
3818,237,278,1
3819,237,279,1
3820,237,280,1
3821,237,281,1
3822,237,282,1
3823,237,283,1
3824,237,284,1
3825,237,285,1
3826,238,257,1
3827,238,258,1
3828,238,259,1
3829,238,260,1
3830,238,261,1
3831,238,262,1
3832,238,263,1
3833,238,264,1
3834,238,265,1
3835,238,266,1
3836,238,267,1
3837,238,268,1
3838,238,269,1
3839,238,270,1
3840,238,271,1
3841,238,272,1
3842,238,273,1
3843,238,274,1
3844,238,275,1
3845,238,276,1
3846,238,277,1
3847,238,278,1
3848,238,279,1
3849,238,280,1
3850,238,281,1
3851,238,282,1
3852,238,283,1
3853,238,284,1
3854,238,285,1
3855,239,257,1
3856,239,258,1
3857,239,259,1
3858,239,260,1
3859,239,261,1
3860,239,262,1
3861,239,263,1
3862,239,264,1
3863,239,265,1
3864,239,266,1
3865,239,267,1
3866,239,268,1
3867,239,269,1
3868,239,270,1
3869,239,271,1
3870,239,272,1
3871,239,273,1
3872,239,274,1
3873,239,275,1
3874,239,276,1
3875,239,277,1
3876,239,278,1
3877,239,279,1
3878,239,280,1
3879,239,281,1
3880,239,282,1
3881,239,283,1
3882,239,284,1
3883,239,285,1
3884,240,257,1
3885,240,258,1
3886,240,259,1
3887,240,260,1
3888,240,261,1
3889,240,262,1
3890,240,263,1
3891,240,264,1
3892,240,265,1
3893,240,266,1
3894,240,267,1
3895,240,268,1
3896,240,269,1
3897,240,270,1
3898,240,271,1
3899,240,272,1
3900,240,273,1
3901,240,274,1
3902,240,275,1
3903,240,276,1
3904,240,277,1
3905,240,278,1
3906,240,279,1
3907,240,280,1
3908,240,281,1
3909,240,282,1
3910,240,283,1
3911,240,284,1
3912,240,285,1
3913,241,257,1
3914,241,258,1
3915,241,259,1
3916,241,260,1
3917,241,261,1
3918,241,262,1
3919,241,263,1
3920,241,264,1
3921,241,265,1
3922,241,266,1
3923,241,267,1
3924,241,268,1
3925,241,269,1
3926,241,270,1
3927,241,271,1
3928,241,272,1
3929,241,273,1
3930,241,274,1
3931,241,275,1
3932,241,276,1
3933,241,277,1
3934,241,278,1
3935,241,279,1
3936,241,280,1
3937,241,281,1
3938,241,282,1
3939,241,283,1
3940,241,284,1
3941,241,285,1
3942,242,257,1
3943,242,258,1
3944,242,259,1
3945,242,260,1
3946,242,261,1
3947,242,262,1
3948,242,263,1
3949,242,264,1
3950,242,265,1
3951,242,266,1
3952,242,267,1
3953,242,268,1
3954,242,269,1
3955,242,270,1
3956,242,271,1
3957,242,272,1
3958,242,273,1
3959,242,274,1
3960,242,275,1
3961,242,276,1
3962,242,277,1
3963,242,278,1
3964,242,279,1
3965,242,280,1
3966,242,281,1
3967,242,282,1
3968,242,283,1
3969,242,284,1
3970,242,285,1
3971,243,257,1
3972,243,258,1
3973,243,259,1
3974,243,260,1
3975,243,261,1
3976,243,262,1
3977,243,263,1
3978,243,264,1
3979,243,265,1
3980,243,266,1
3981,243,267,1
3982,243,268,1
3983,243,269,1
3984,243,270,1
3985,243,271,1
3986,243,272,1
3987,243,273,1
3988,243,274,1
3989,243,275,1
3990,243,276,1
3991,243,277,1
3992,243,278,1
3993,243,279,1
3994,243,280,1
3995,243,281,1
3996,243,282,1
3997,243,283,1
3998,243,284,1
3999,243,285,1
4000,244,257,1
4001,244,258,1
4002,244,259,1
4003,244,260,1
4004,244,261,1
4005,244,262,1
4006,244,263,1
4007,244,264,1
4008,244,265,1
4009,244,266,1
4010,244,267,1
4011,244,268,1
4012,244,269,1
4013,244,270,1
4014,244,271,1
4015,244,272,1
4016,244,273,1
4017,244,274,1
4018,244,275,1
4019,244,276,1
4020,244,277,1
4021,244,278,1
4022,244,279,1
4023,244,280,1
4024,244,281,1
4025,244,282,1
4026,244,283,1
4027,244,284,1
4028,244,285,1
4029,245,257,1
4030,245,258,1
4031,245,259,1
4032,245,260,1
4033,245,261,1
4034,245,262,1
4035,245,263,1
4036,245,264,1
4037,245,265,1
4038,245,266,1
4039,245,267,1
4040,245,268,1
4041,245,269,1
4042,245,270,1
4043,245,271,1
4044,245,272,1
4045,245,273,1
4046,245,274,1
4047,245,275,1
4048,245,276,1
4049,245,277,1
4050,245,278,1
4051,245,279,1
4052,245,280,1
4053,245,281,1
4054,245,282,1
4055,245,283,1
4056,245,284,1
4057,245,285,1
4058,246,257,1
4059,246,258,1
4060,246,259,1
4061,246,260,1
4062,246,261,1
4063,246,262,1
4064,246,263,1
4065,246,264,1
4066,246,265,1
4067,246,266,1
4068,246,267,1
4069,246,268,1
4070,246,269,1
4071,246,270,1
4072,246,271,1
4073,246,272,1
4074,246,273,1
4075,246,274,1
4076,246,275,1
4077,246,276,1
4078,246,277,1
4079,246,278,1
4080,246,279,1
4081,246,280,1
4082,246,281,1
4083,246,282,1
4084,246,283,1
4085,246,284,1
4086,246,285,1
4087,247,257,1
4088,247,258,1
4089,247,259,1
4090,247,260,1
4091,247,261,1
4092,247,262,1
4093,247,263,1
4094,247,264,1
4095,247,265,1
4096,247,266,1
4097,247,267,1
4098,247,268,1
4099,247,269,1
4100,247,270,1
4101,247,271,1
4102,247,272,1
4103,247,273,1
4104,247,274,1
4105,247,275,1
4106,247,276,1
4107,247,277,1
4108,247,278,1
4109,247,279,1
4110,247,280,1
4111,247,281,1
4112,247,282,1
4113,247,283,1
4114,247,284,1
4115,247,285,1
4116,248,257,1
4117,248,258,1
4118,248,259,1
4119,248,260,1
4120,248,261,1
4121,248,262,1
4122,248,263,1
4123,248,264,1
4124,248,265,1
4125,248,266,1
4126,248,267,1
4127,248,268,1
4128,248,269,1
4129,248,270,1
4130,248,271,1
4131,248,272,1
4132,248,273,1
4133,248,274,1
4134,248,275,1
4135,248,276,1
4136,248,277,1
4137,248,278,1
4138,248,279,1
4139,248,280,1
4140,248,281,1
4141,248,282,1
4142,248,283,1
4143,248,284,1
4144,248,285,1
4145,249,257,1
4146,249,258,1
4147,249,259,1
4148,249,260,1
4149,249,261,1
4150,249,262,1
4151,249,263,1
4152,249,264,1
4153,249,265,1
4154,249,266,1
4155,249,267,1
4156,249,268,1
4157,249,269,1
4158,249,270,1
4159,249,271,1
4160,249,272,1
4161,249,273,1
4162,249,274,1
4163,249,275,1
4164,249,276,1
4165,249,277,1
4166,249,278,1
4167,249,279,1
4168,249,280,1
4169,249,281,1
4170,249,282,1
4171,249,283,1
4172,249,284,1
4173,249,285,1
4174,250,257,1
4175,250,258,1
4176,250,259,1
4177,250,260,1
4178,250,261,1
4179,250,262,1
4180,250,263,1
4181,250,264,1
4182,250,265,1
4183,250,266,1
4184,250,267,1
4185,250,268,1
4186,250,269,1
4187,250,270,1
4188,250,271,1
4189,250,272,1
4190,250,273,1
4191,250,274,1
4192,250,275,1
4193,250,276,1
4194,250,277,1
4195,250,278,1
4196,250,279,1
4197,250,280,1
4198,250,281,1
4199,250,282,1
4200,250,283,1
4201,250,284,1
4202,250,285,1
4203,251,257,1
4204,251,258,1
4205,251,259,1
4206,251,260,1
4207,251,261,1
4208,251,262,1
4209,251,263,1
4210,251,264,1
4211,251,265,1
4212,251,266,1
4213,251,267,1
4214,251,268,1
4215,251,269,1
4216,251,270,1
4217,251,271,1
4218,251,272,1
4219,251,273,1
4220,251,274,1
4221,251,275,1
4222,251,276,1
4223,251,277,1
4224,251,278,1
4225,251,279,1
4226,251,280,1
4227,251,281,1
4228,251,282,1
4229,251,283,1
4230,251,284,1
4231,251,285,1
4232,252,257,1
4233,252,258,1
4234,252,259,1
4235,252,260,1
4236,252,261,1
4237,252,262,1
4238,252,263,1
4239,252,264,1
4240,252,265,1
4241,252,266,1
4242,252,267,1
4243,252,268,1
4244,252,269,1
4245,252,270,1
4246,252,271,1
4247,252,272,1
4248,252,273,1
4249,252,274,1
4250,252,275,1
4251,252,276,1
4252,252,277,1
4253,252,278,1
4254,252,279,1
4255,252,280,1
4256,252,281,1
4257,252,282,1
4258,252,283,1
4259,252,284,1
4260,252,285,1
4261,253,257,1
4262,253,258,1
4263,253,259,1
4264,253,260,1
4265,253,261,1
4266,253,262,1
4267,253,263,1
4268,253,264,1
4269,253,265,1
4270,253,266,1
4271,253,267,1
4272,253,268,1
4273,253,269,1
4274,253,270,1
4275,253,271,1
4276,253,272,1
4277,253,273,1
4278,253,274,1
4279,253,275,1
4280,253,276,1
4281,253,277,1
4282,253,278,1
4283,253,279,1
4284,253,280,1
4285,253,281,1
4286,253,282,1
4287,253,283,1
4288,253,284,1
4289,253,285,1
4290,254,257,1
4291,254,258,1
4292,254,259,1
4293,254,260,1
4294,254,261,1
4295,254,262,1
4296,254,263,1
4297,254,264,1
4298,254,265,1
4299,254,266,1
4300,254,267,1
4301,254,268,1
4302,254,269,1
4303,254,270,1
4304,254,271,1
4305,254,272,1
4306,254,273,1
4307,254,274,1
4308,254,275,1
4309,254,276,1
4310,254,277,1
4311,254,278,1
4312,254,279,1
4313,254,280,1
4314,254,281,1
4315,254,282,1
4316,254,283,1
4317,254,284,1
4318,254,285,1
4319,255,257,1
4320,255,258,1
4321,255,259,1
4322,255,260,1
4323,255,261,1
4324,255,262,1
4325,255,263,1
4326,255,264,1
4327,255,265,1
4328,255,266,1
4329,255,267,1
4330,255,268,1
4331,255,269,1
4332,255,270,1
4333,255,271,1
4334,255,272,1
4335,255,273,1
4336,255,274,1
4337,255,275,1
4338,255,276,1
4339,255,277,1
4340,255,278,1
4341,255,279,1
4342,255,280,1
4343,255,281,1
4344,255,282,1
4345,255,283,1
4346,255,284,1
4347,255,285,1
4348,256,257,1
4349,256,258,1
4350,256,259,1
4351,256,260,1
4352,256,261,1
4353,256,262,1
4354,256,263,1
4355,256,264,1
4356,256,265,1
4357,256,266,1
4358,256,267,1
4359,256,268,1
4360,256,269,1
4361,256,270,1
4362,256,271,1
4363,256,272,1
4364,256,273,1
4365,256,274,1
4366,256,275,1
4367,256,276,1
4368,256,277,1
4369,256,278,1
4370,256,279,1
4371,256,280,1
4372,256,281,1
4373,256,282,1
4374,256,283,1
4375,256,284,1
4376,256,285,1
4377,257,257,1
4378,257,258,1
4379,257,259,1
4380,257,260,1
4381,257,261,1
4382,257,262,1
4383,257,263,1
4384,257,264,1
4385,257,265,1
4386,257,266,1
4387,257,267,1
4388,257,268,1
4389,257,269,1
4390,257,270,1
4391,257,271,1
4392,257,272,1
4393,257,273,1
4394,257,274,1
4395,257,275,1
4396,257,276,1
4397,257,277,1
4398,257,278,1
4399,257,279,1
4400,257,280,1
4401,257,281,1
4402,257,282,1
4403,257,283,1
4404,257,284,1
4405,257,285,1
4406,258,257,1
4407,258,258,1
4408,258,259,1
4409,258,260,1
4410,258,261,1
4411,258,262,1
4412,258,263,1
4413,258,264,1
4414,258,265,1
4415,258,266,1
4416,258,267,1
4417,258,268,1
4418,258,269,1
4419,258,270,1
4420,258,271,1
4421,258,272,1
4422,258,273,1
4423,258,274,1
4424,258,275,1
4425,258,276,1
4426,258,277,1
4427,258,278,1
4428,258,279,1
4429,258,280,1
4430,258,281,1
4431,258,282,1
4432,258,283,1
4433,258,284,1
4434,258,285,1
4435,259,257,1
4436,259,258,1
4437,259,259,1
4438,259,260,1
4439,259,261,1
4440,259,262,1
4441,259,263,1
4442,259,264,1
4443,259,265,1
4444,259,266,1
4445,259,267,1
4446,259,268,1
4447,259,269,1
4448,259,270,1
4449,259,271,1
4450,259,272,1
4451,259,273,1
4452,259,274,1
4453,259,275,1
4454,259,276,1
4455,259,277,1
4456,259,278,1
4457,259,279,1
4458,259,280,1
4459,259,281,1
4460,259,282,1
4461,259,283,1
4462,259,284,1
4463,259,285,1
4464,260,257,1
4465,260,258,1
4466,260,259,1
4467,260,260,1
4468,260,261,1
4469,260,262,1
4470,260,263,1
4471,260,264,1
4472,260,265,1
4473,260,266,1
4474,260,267,1
4475,260,268,1
4476,260,269,1
4477,260,270,1
4478,260,271,1
4479,260,272,1
4480,260,273,1
4481,260,274,1
4482,260,275,1
4483,260,276,1
4484,260,277,1
4485,260,278,1
4486,260,279,1
4487,260,280,1
4488,260,281,1
4489,260,282,1
4490,260,283,1
4491,260,284,1
4492,260,285,1
4493,261,257,1
4494,261,258,1
4495,261,259,1
4496,261,260,1
4497,261,261,1
4498,261,262,1
4499,261,263,1
4500,261,264,1
4501,261,265,1
4502,261,266,1
4503,261,267,1
4504,261,268,1
4505,261,269,1
4506,261,270,1
4507,261,271,1
4508,261,272,1
4509,261,273,1
4510,261,274,1
4511,261,275,1
4512,261,276,1
4513,261,277,1
4514,261,278,1
4515,261,279,1
4516,261,280,1
4517,261,281,1
4518,261,282,1
4519,261,283,1
4520,261,284,1
4521,261,285,1
4522,262,257,1
4523,262,258,1
4524,262,259,1
4525,262,260,1
4526,262,261,1
4527,262,262,1
4528,262,263,1
4529,262,264,1
4530,262,265,1
4531,262,266,1
4532,262,267,1
4533,262,268,1
4534,262,269,1
4535,262,270,1
4536,262,271,1
4537,262,272,1
4538,262,273,1
4539,262,274,1
4540,262,275,1
4541,262,276,1
4542,262,277,1
4543,262,278,1
4544,262,279,1
4545,262,280,1
4546,262,281,1
4547,262,282,1
4548,262,283,1
4549,262,284,1
4550,262,285,1
4551,263,257,1
4552,263,258,1
4553,263,259,1
4554,263,260,1
4555,263,261,1
4556,263,262,1
4557,263,263,1
4558,263,264,1
4559,263,265,1
4560,263,266,1
4561,263,267,1
4562,263,268,1
4563,263,269,1
4564,263,270,1
4565,263,271,1
4566,263,272,1
4567,263,273,1
4568,263,274,1
4569,263,275,1
4570,263,276,1
4571,263,277,1
4572,263,278,1
4573,263,279,1
4574,263,280,1
4575,263,281,1
4576,263,282,1
4577,263,283,1
4578,263,284,1
4579,263,285,1
4580,264,257,1
4581,264,258,1
4582,264,259,1
4583,264,260,1
4584,264,261,1
4585,264,262,1
4586,264,263,1
4587,264,264,1
4588,264,265,1
4589,264,266,1
4590,264,267,1
4591,264,268,1
4592,264,269,1
4593,264,270,1
4594,264,271,1
4595,264,272,1
4596,264,273,1
4597,264,274,1
4598,264,275,1
4599,264,276,1
4600,264,277,1
4601,264,278,1
4602,264,279,1
4603,264,280,1
4604,264,281,1
4605,264,282,1
4606,264,283,1
4607,264,284,1
4608,264,285,1
4609,265,257,1
4610,265,258,1
4611,265,259,1
4612,265,260,1
4613,265,261,1
4614,265,262,1
4615,265,263,1
4616,265,264,1
4617,265,265,1
4618,265,266,1
4619,265,267,1
4620,265,268,1
4621,265,269,1
4622,265,270,1
4623,265,271,1
4624,265,272,1
4625,265,273,1
4626,265,274,1
4627,265,275,1
4628,265,276,1
4629,265,277,1
4630,265,278,1
4631,265,279,1
4632,265,280,1
4633,265,281,1
4634,265,282,1
4635,265,283,1
4636,265,284,1
4637,265,285,1
4638,145,243,1
4639,145,244,1
4640,145,245,1
4641,145,246,1
4642,145,247,1
4643,145,248,1
4644,145,249,1
4645,145,250,1
4646,145,251,1
4647,145,252,1
4648,145,253,1
4649,145,254,1
4650,145,255,1
4651,145,256,1
4652,146,243,1
4653,146,244,1
4654,146,245,1
4655,146,246,1
4656,146,247,1
4657,146,248,1
4658,146,249,1
4659,146,250,1
4660,146,251,1
4661,146,252,1
4662,146,253,1
4663,146,254,1
4664,146,255,1
4665,146,256,1
4666,147,243,1
4667,147,244,1
4668,147,245,1
4669,147,246,1
4670,147,247,1
4671,147,248,1
4672,147,249,1
4673,147,250,1
4674,147,251,1
4675,147,252,1
4676,147,253,1
4677,147,254,1
4678,147,255,1
4679,147,256,1
4680,148,243,1
4681,148,244,1
4682,148,245,1
4683,148,246,1
4684,148,247,1
4685,148,248,1
4686,148,249,1
4687,148,250,1
4688,148,251,1
4689,148,252,1
4690,148,253,1
4691,148,254,1
4692,148,255,1
4693,148,256,1
4694,149,243,1
4695,149,244,1
4696,149,245,1
4697,149,246,1
4698,149,247,1
4699,149,248,1
4700,149,249,1
4701,149,250,1
4702,149,251,1
4703,149,252,1
4704,149,253,1
4705,149,254,1
4706,149,255,1
4707,149,256,1
4708,150,243,1
4709,150,244,1
4710,150,245,1
4711,150,246,1
4712,150,247,1
4713,150,248,1
4714,150,249,1
4715,150,250,1
4716,150,251,1
4717,150,252,1
4718,150,253,1
4719,150,254,1
4720,150,255,1
4721,150,256,1
4722,151,243,1
4723,151,244,1
4724,151,245,1
4725,151,246,1
4726,151,247,1
4727,151,248,1
4728,151,249,1
4729,151,250,1
4730,151,251,1
4731,151,252,1
4732,151,253,1
4733,151,254,1
4734,151,255,1
4735,151,256,1
4736,152,243,1
4737,152,244,1
4738,152,245,1
4739,152,246,1
4740,152,247,1
4741,152,248,1
4742,152,249,1
4743,152,250,1
4744,152,251,1
4745,152,252,1
4746,152,253,1
4747,152,254,1
4748,152,255,1
4749,152,256,1
4750,153,243,1
4751,153,244,1
4752,153,245,1
4753,153,246,1
4754,153,247,1
4755,153,248,1
4756,153,249,1
4757,153,250,1
4758,153,251,1
4759,153,252,1
4760,153,253,1
4761,153,254,1
4762,153,255,1
4763,153,256,1
4764,154,243,1
4765,154,244,1
4766,154,245,1
4767,154,246,1
4768,154,247,1
4769,154,248,1
4770,154,249,1
4771,154,250,1
4772,154,251,1
4773,154,252,1
4774,154,253,1
4775,154,254,1
4776,154,255,1
4777,154,256,1
